real_name,func,func_sd,func_var,func_var_sd,ei
gen=0_training=0,1135070.0,0,0,0,0
gen=0_training=1,2531760.0,0,0,0,0
gen=0_training=2,1737660.0,0,0,0,0
gen=0_training=3,3866640.0,0,0,0,0
gen=0_training=4,3408790.0,0,0,0,0
gen=0_training=5,1762950.0,0,0,0,0
gen=0_training=6,3305580.0,0,0,0,0
gen=0_training=7,1276890.0,0,0,0,0
gen=0_training=8,3049780.0,0,0,0,0
gen=0_training=9,3641160.0,0,0,0,0
gen=0_training=10,3207300.0,0,0,0,0
gen=0_training=11,1824750.0,0,0,0,0
gen=0_training=12,1241350.0,0,0,0,0
gen=0_training=13,2125530.0,0,0,0,0
gen=0_training=14,2397500.0,0,0,0,0
gen=0_training=15,2730560.0,0,0,0,0
gen=0_training=16,2680490.0,0,0,0,0
gen=0_training=17,3093350.0,0,0,0,0
gen=0_training=18,3290280.0,0,0,0,0
gen=0_training=19,1949350.0,0,0,0,0
gen=0_training=20,2884210.0,0,0,0,0
gen=0_training=21,637990.0,0,0,0,0
gen=0_training=22,1931270.0,0,0,0,0
gen=0_training=23,3487590.0,0,0,0,0
gen=0_training=24,1685140.0,0,0,0,0
gen=0_training=25,2727110.0,0,0,0,0
gen=0_training=26,2494570.0,0,0,0,0
gen=0_training=27,3596410.0,0,0,0,0
gen=0_training=28,1433640.0,0,0,0,0
gen=0_training=29,1379780.0,0,0,0,0
gen=0_training=30,2668630.0,0,0,0,0
gen=0_training=31,1071890.0,0,0,0,0
gen=0_training=32,2550390.0,0,0,0,0
gen=0_training=33,2243450.0,0,0,0,0
gen=0_training=34,2253240.0,0,0,0,0
gen=0_training=35,1746920.0,0,0,0,0
gen=0_training=36,2939850.0,0,0,0,0
gen=0_training=37,2562260.0,0,0,0,0
gen=0_training=38,1786400.0,0,0,0,0
gen=0_training=39,3283790.0,0,0,0,0
gen=0_training=40,3224090.0,0,0,0,0
gen=0_training=41,1433110.0,0,0,0,0
gen=0_training=42,2031220.0,0,0,0,0
gen=0_training=43,1551430.0,0,0,0,0
gen=0_training=44,2553540.0,0,0,0,0
gen=0_training=45,1356640.0,0,0,0,0
gen=0_training=46,2448350.0,0,0,0,0
gen=0_training=47,1982930.0,0,0,0,0
gen=0_training=48,1822410.0,0,0,0,0
gen=0_training=49,881756.0,0,0,0,0
gen=0_training=50,1895060.0,0,0,0,0
gen=0_training=51,3399390.0,0,0,0,0
gen=0_training=52,4034260.0,0,0,0,0
gen=0_training=53,3581800.0,0,0,0,0
gen=0_training=54,4158040.0,0,0,0,0
gen=0_training=55,2226460.0,0,0,0,0
gen=0_training=56,4171840.0,0,0,0,0
gen=0_training=57,1606180.0,0,0,0,0
gen=0_training=58,3386910.0,0,0,0,0
gen=0_training=59,1630700.0,0,0,0,0
gen=0_training=60,2918320.0,0,0,0,0
gen=0_training=61,2729480.0,0,0,0,0
gen=0_training=62,3229520.0,0,0,0,0
gen=0_training=63,3825520.0,0,0,0,0
gen=0_training=64,2220580.0,0,0,0,0
gen=0_training=65,3293890.0,0,0,0,0
gen=0_training=66,2211890.0,0,0,0,0
gen=0_training=67,2374530.0,0,0,0,0
gen=0_training=68,2230070.0,0,0,0,0
gen=0_training=69,2848580.0,0,0,0,0
gen=0_training=70,2449300.0,0,0,0,0
gen=0_training=71,1919720.0,0,0,0,0
gen=0_training=72,1973280.0,0,0,0,0
gen=0_training=73,2094600.0,0,0,0,0
gen=0_training=74,3357420.0,0,0,0,0
gen=0_training=75,1565230.0,0,0,0,0
gen=0_training=76,2950200.0,0,0,0,0
gen=0_training=77,2152020.0,0,0,0,0
gen=0_training=78,2734900.0,0,0,0,0
gen=0_training=79,2285830.0,0,0,0,0
gen=0_training=80,2396680.0,0,0,0,0
gen=0_training=81,3017790.0,0,0,0,0
gen=0_training=82,1546470.0,0,0,0,0
gen=0_training=83,1824850.0,0,0,0,0
gen=0_training=84,1486530.0,0,0,0,0
gen=0_training=85,2169590.0,0,0,0,0
gen=0_training=86,2439470.0,0,0,0,0
gen=0_training=87,1803220.0,0,0,0,0
gen=0_training=88,914879.0,0,0,0,0
gen=0_training=89,1620270.0,0,0,0,0
gen=0_training=90,1966180.0,0,0,0,0
gen=0_training=91,1730080.0,0,0,0,0
gen=0_training=92,1505620.0,0,0,0,0
gen=0_training=93,2383950.0,0,0,0,0
gen=0_training=94,3520510.0,0,0,0,0
gen=0_training=95,2491830.0,0,0,0,0
gen=0_training=96,3225280.0,0,0,0,0
gen=0_training=97,2520000.0,0,0,0,0
gen=0_training=98,1433160.0,0,0,0,0
gen=0_training=99,1479650.0,0,0,0,0
gen=0_training=100,3279220.0,0,0,0,0
gen=0_training=101,1391290.0,0,0,0,0
gen=0_training=102,3711390.0,0,0,0,0
gen=0_training=103,1042990.0,0,0,0,0
gen=0_training=104,2370770.0,0,0,0,0
gen=0_training=105,2660180.0,0,0,0,0
gen=0_training=106,1705350.0,0,0,0,0
gen=0_training=107,2230650.0,0,0,0,0
gen=0_training=108,3815010.0,0,0,0,0
gen=0_training=109,2520710.0,0,0,0,0
gen=0_training=110,1781150.0,0,0,0,0
gen=0_training=111,2154870.0,0,0,0,0
gen=0_training=112,1802320.0,0,0,0,0
gen=0_training=113,2633950.0,0,0,0,0
gen=0_training=114,1609340.0,0,0,0,0
gen=0_training=115,2153080.0,0,0,0,0
gen=0_training=116,3823080.0,0,0,0,0
gen=0_training=117,1740130.0,0,0,0,0
gen=0_training=118,3032490.0,0,0,0,0
gen=0_training=119,2844360.0,0,0,0,0
gen=0_training=120,3325610.0,0,0,0,0
gen=0_training=121,526803.0,0,0,0,0
gen=0_training=122,5561660.0,0,0,0,0
gen=0_training=123,1338370.0,0,0,0,0
gen=0_training=124,3407630.0,0,0,0,0
gen=0_training=125,1476900.0,0,0,0,0
gen=0_training=126,4218020.0,0,0,0,0
gen=0_training=127,1660960.0,0,0,0,0
gen=0_training=128,2900610.0,0,0,0,0
gen=0_training=129,3970710.0,0,0,0,0
gen=0_training=130,2150880.0,0,0,0,0
gen=0_training=131,1456110.0,0,0,0,0
gen=0_training=132,3008610.0,0,0,0,0
gen=0_training=133,2428020.0,0,0,0,0
gen=0_training=134,2717590.0,0,0,0,0
gen=0_training=135,3362440.0,0,0,0,0
gen=0_training=136,2608240.0,0,0,0,0
gen=0_training=137,2813110.0,0,0,0,0
gen=0_training=138,3157300.0,0,0,0,0
gen=0_training=139,1901520.0,0,0,0,0
gen=0_training=140,2423930.0,0,0,0,0
gen=0_training=141,2582460.0,0,0,0,0
gen=0_training=142,541978.0,0,0,0,0
gen=0_training=143,1962150.0,0,0,0,0
gen=0_training=144,3080350.0,0,0,0,0
gen=0_training=145,2147890.0,0,0,0,0
gen=0_training=146,2699270.0,0,0,0,0
gen=0_training=147,2621830.0,0,0,0,0
gen=0_training=148,1953470.0,0,0,0,0
gen=0_training=149,767083.0,0,0,0,0
gen=0_training=150,1944950.0,0,0,0,0
gen=0_training=151,3169970.0,0,0,0,0
gen=0_training=152,3136490.0,0,0,0,0
gen=0_training=153,1692460.0,0,0,0,0
gen=0_training=154,1236870.0,0,0,0,0
gen=0_training=155,912663.0,0,0,0,0
gen=0_training=156,2038880.0,0,0,0,0
gen=0_training=157,562899.0,0,0,0,0
gen=0_training=158,3080950.0,0,0,0,0
gen=0_training=159,642037.0,0,0,0,0
gen=0_training=160,5159800.0,0,0,0,0
gen=0_training=161,1690850.0,0,0,0,0
gen=0_training=162,1573880.0,0,0,0,0
gen=0_training=163,2200410.0,0,0,0,0
gen=0_training=164,1561930.0,0,0,0,0
gen=0_training=165,2433190.0,0,0,0,0
gen=0_training=166,2789830.0,0,0,0,0
gen=0_training=167,2308460.0,0,0,0,0
gen=0_training=168,2582340.0,0,0,0,0
gen=0_training=169,2046630.0,0,0,0,0
gen=0_training=170,2193520.0,0,0,0,0
gen=0_training=171,3201650.0,0,0,0,0
gen=0_training=172,2252860.0,0,0,0,0
gen=0_training=173,2919580.0,0,0,0,0
gen=0_training=174,3150030.0,0,0,0,0
gen=0_training=175,2259720.0,0,0,0,0
gen=0_training=176,1720570.0,0,0,0,0
gen=0_training=177,4943420.0,0,0,0,0
gen=0_training=178,2652170.0,0,0,0,0
gen=0_training=179,1300130.0,0,0,0,0
gen=0_training=180,2468020.0,0,0,0,0
gen=0_training=181,3015750.0,0,0,0,0
gen=0_training=182,2117720.0,0,0,0,0
gen=0_training=183,3046970.0,0,0,0,0
gen=0_training=184,4291640.0,0,0,0,0
gen=0_training=185,2232200.0,0,0,0,0
gen=0_training=186,1562040.0,0,0,0,0
gen=0_training=187,824461.0,0,0,0,0
gen=0_training=188,3162490.0,0,0,0,0
gen=0_training=189,1404910.0,0,0,0,0
gen=0_training=190,2626450.0,0,0,0,0
gen=0_training=191,2016980.0,0,0,0,0
gen=0_training=192,2062100.0,0,0,0,0
gen=0_training=193,1714980.0,0,0,0,0
gen=0_training=194,1498890.0,0,0,0,0
gen=0_training=195,2588840.0,0,0,0,0
gen=0_training=196,2367780.0,0,0,0,0
gen=0_training=197,1578300.0,0,0,0,0
gen=0_training=198,3295120.0,0,0,0,0
gen=0_training=199,3130210.0,0,0,0,0
gen=0_training=200,2417120.0,0,0,0,0
gen=0_training=201,3229620.0,0,0,0,0
gen=0_training=202,3257010.0,0,0,0,0
gen=0_training=203,3009440.0,0,0,0,0
gen=0_training=204,1889160.0,0,0,0,0
gen=0_training=205,2971860.0,0,0,0,0
gen=0_training=206,3747380.0,0,0,0,0
gen=0_training=207,2663660.0,0,0,0,0
gen=0_training=208,3200480.0,0,0,0,0
gen=0_training=209,1063330.0,0,0,0,0
gen=0_training=210,2136890.0,0,0,0,0
gen=0_training=211,820359.0,0,0,0,0
gen=0_training=212,1987550.0,0,0,0,0
gen=0_training=213,2171330.0,0,0,0,0
gen=0_training=214,3736490.0,0,0,0,0
gen=0_training=215,2182180.0,0,0,0,0
gen=0_training=216,2736400.0,0,0,0,0
gen=0_training=217,1653330.0,0,0,0,0
gen=0_training=218,2623140.0,0,0,0,0
gen=0_training=219,3911660.0,0,0,0,0
gen=0_training=220,2460460.0,0,0,0,0
gen=0_training=221,3510280.0,0,0,0,0
gen=0_training=222,3062990.0,0,0,0,0
gen=0_training=223,3857850.0,0,0,0,0
gen=0_training=224,1762560.0,0,0,0,0
gen=0_training=225,3314160.0,0,0,0,0
gen=0_training=226,2832470.0,0,0,0,0
gen=0_training=227,3987800.0,0,0,0,0
gen=0_training=228,4817370.0,0,0,0,0
gen=0_training=229,2497550.0,0,0,0,0
gen=0_training=230,1825820.0,0,0,0,0
gen=0_training=231,2916740.0,0,0,0,0
gen=0_training=232,2163270.0,0,0,0,0
gen=0_training=233,2258980.0,0,0,0,0
gen=0_training=234,213556.0,0,0,0,0
gen=0_training=235,1181310.0,0,0,0,0
gen=0_training=236,2758780.0,0,0,0,0
gen=0_training=237,1941380.0,0,0,0,0
gen=0_training=238,1992620.0,0,0,0,0
gen=0_training=239,1875480.0,0,0,0,0
gen=0_training=240,2818860.0,0,0,0,0
gen=0_training=241,1854150.0,0,0,0,0
gen=0_training=242,3347520.0,0,0,0,0
gen=0_training=243,2576870.0,0,0,0,0
gen=0_training=244,2595290.0,0,0,0,0
gen=0_training=245,2143020.0,0,0,0,0
gen=0_training=246,1578870.0,0,0,0,0
gen=0_training=247,2180720.0,0,0,0,0
gen=0_training=248,2899100.0,0,0,0,0
gen=0_training=249,2851520.0,0,0,0,0
gen=0_training=250,2931230.0,0,0,0,0
gen=0_training=251,1645200.0,0,0,0,0
gen=0_training=252,3967800.0,0,0,0,0
gen=0_training=253,3804010.0,0,0,0,0
gen=0_training=254,2336240.0,0,0,0,0
gen=0_training=255,2829800.0,0,0,0,0
gen=0_training=256,1296960.0,0,0,0,0
gen=0_training=257,3810200.0,0,0,0,0
gen=0_training=258,3417850.0,0,0,0,0
gen=0_training=259,1637900.0,0,0,0,0
gen=0_training=260,2353550.0,0,0,0,0
gen=0_training=261,2219390.0,0,0,0,0
gen=0_training=262,1806750.0,0,0,0,0
gen=0_training=263,3092430.0,0,0,0,0
gen=0_training=264,2525570.0,0,0,0,0
gen=0_training=265,2625660.0,0,0,0,0
gen=0_training=266,1629650.0,0,0,0,0
gen=0_training=267,1899600.0,0,0,0,0
gen=0_training=268,2466460.0,0,0,0,0
gen=0_training=269,1794020.0,0,0,0,0
gen=0_training=270,610953.0,0,0,0,0
gen=0_training=271,3001000.0,0,0,0,0
gen=0_training=272,2077060.0,0,0,0,0
gen=0_training=273,2674550.0,0,0,0,0
gen=0_training=274,1340480.0,0,0,0,0
gen=0_training=275,3232130.0,0,0,0,0
gen=0_training=276,1348810.0,0,0,0,0
gen=0_training=277,3299820.0,0,0,0,0
gen=0_training=278,3872950.0,0,0,0,0
gen=0_training=279,3080070.0,0,0,0,0
gen=0_training=280,1542060.0,0,0,0,0
gen=0_training=281,2930540.0,0,0,0,0
gen=0_training=282,1955370.0,0,0,0,0
gen=0_training=283,2011480.0,0,0,0,0
gen=0_training=284,4560880.0,0,0,0,0
gen=0_training=285,2049620.0,0,0,0,0
gen=0_training=286,2630990.0,0,0,0,0
gen=0_training=287,1877290.0,0,0,0,0
gen=0_training=288,1705500.0,0,0,0,0
gen=0_training=289,2847380.0,0,0,0,0
gen=0_training=290,2606220.0,0,0,0,0
gen=0_training=291,699932.0,0,0,0,0
gen=0_training=292,1622370.0,0,0,0,0
gen=0_training=293,2021110.0,0,0,0,0
gen=0_training=294,3925220.0,0,0,0,0
gen=0_training=295,2569420.0,0,0,0,0
gen=0_training=296,2831160.0,0,0,0,0
gen=0_training=297,686696.0,0,0,0,0
gen=0_training=298,1847290.0,0,0,0,0
gen=0_training=299,1223650.0,0,0,0,0
gen=0_training=300,1843440.0,0,0,0,0
gen=0_training=301,2667420.0,0,0,0,0
gen=0_training=302,2025300.0,0,0,0,0
gen=0_training=303,1733800.0,0,0,0,0
gen=0_training=304,3390450.0,0,0,0,0
gen=0_training=305,3124520.0,0,0,0,0
gen=0_training=306,2043450.0,0,0,0,0
gen=0_training=307,1828450.0,0,0,0,0
gen=0_training=308,3031250.0,0,0,0,0
gen=0_training=309,2574270.0,0,0,0,0
gen=0_training=310,2195730.0,0,0,0,0
gen=0_training=311,1842260.0,0,0,0,0
gen=0_training=312,3480670.0,0,0,0,0
gen=0_training=313,1721730.0,0,0,0,0
gen=0_training=314,3168170.0,0,0,0,0
gen=0_training=315,3064610.0,0,0,0,0
gen=0_training=316,3418930.0,0,0,0,0
gen=0_training=317,2433820.0,0,0,0,0
gen=0_training=318,3020570.0,0,0,0,0
gen=0_training=319,1529180.0,0,0,0,0
gen=0_training=320,1601940.0,0,0,0,0
gen=0_training=321,1422810.0,0,0,0,0
gen=0_training=322,942507.0,0,0,0,0
gen=0_training=323,1584050.0,0,0,0,0
gen=0_training=324,3770630.0,0,0,0,0
gen=0_training=325,2374230.0,0,0,0,0
gen=0_training=326,2327630.0,0,0,0,0
gen=0_training=327,2077990.0,0,0,0,0
gen=0_training=328,1952940.0,0,0,0,0
gen=0_training=329,3268750.0,0,0,0,0
gen=0_training=330,2004430.0,0,0,0,0
gen=0_training=331,2409050.0,0,0,0,0
gen=0_training=332,1696920.0,0,0,0,0
gen=0_training=333,1509040.0,0,0,0,0
gen=0_training=334,1260200.0,0,0,0,0
gen=0_training=335,2623280.0,0,0,0,0
gen=0_training=336,2043910.0,0,0,0,0
gen=0_training=337,2343280.0,0,0,0,0
gen=0_training=338,1328440.0,0,0,0,0
gen=0_training=339,2136340.0,0,0,0,0
gen=0_training=340,2503770.0,0,0,0,0
gen=0_training=341,1641590.0,0,0,0,0
gen=0_training=342,1998190.0,0,0,0,0
gen=0_training=343,3222860.0,0,0,0,0
gen=0_training=344,991927.0,0,0,0,0
gen=0_training=345,1107430.0,0,0,0,0
gen=0_training=346,2589110.0,0,0,0,0
gen=0_training=347,2032140.0,0,0,0,0
gen=0_training=348,2568310.0,0,0,0,0
gen=0_training=349,2739910.0,0,0,0,0
gen=0_training=350,1989730.0,0,0,0,0
gen=0_training=351,2325120.0,0,0,0,0
gen=0_training=352,2032120.0,0,0,0,0
gen=0_training=353,2342730.0,0,0,0,0
gen=0_training=354,3576220.0,0,0,0,0
gen=0_training=355,2074490.0,0,0,0,0
gen=0_training=356,2100920.0,0,0,0,0
gen=0_training=357,3368770.0,0,0,0,0
gen=0_training=358,2154350.0,0,0,0,0
gen=0_training=359,2972690.0,0,0,0,0
gen=0_training=360,2377600.0,0,0,0,0
gen=0_training=361,3825380.0,0,0,0,0
gen=0_training=362,2424490.0,0,0,0,0
gen=0_training=363,2309330.0,0,0,0,0
gen=0_training=364,1014110.0,0,0,0,0
gen=0_training=365,1056910.0,0,0,0,0
gen=0_training=366,2007920.0,0,0,0,0
gen=0_training=367,2635750.0,0,0,0,0
gen=0_training=368,2631570.0,0,0,0,0
gen=0_training=369,1699200.0,0,0,0,0
gen=0_training=370,2341850.0,0,0,0,0
gen=0_training=371,1542790.0,0,0,0,0
gen=0_training=372,2442920.0,0,0,0,0
gen=0_training=373,2141990.0,0,0,0,0
gen=0_training=374,2117680.0,0,0,0,0
gen=0_training=375,2900660.0,0,0,0,0
gen=0_training=376,1647520.0,0,0,0,0
gen=0_training=377,3127120.0,0,0,0,0
gen=0_training=378,2989220.0,0,0,0,0
gen=0_training=379,1211760.0,0,0,0,0
gen=0_training=380,3388150.0,0,0,0,0
gen=0_training=381,2223010.0,0,0,0,0
gen=0_training=382,2207970.0,0,0,0,0
gen=0_training=383,2241190.0,0,0,0,0
gen=0_training=384,2558500.0,0,0,0,0
gen=0_training=385,2065420.0,0,0,0,0
gen=0_training=386,2285840.0,0,0,0,0
gen=0_training=387,4071080.0,0,0,0,0
gen=0_training=388,2442980.0,0,0,0,0
gen=0_training=389,2746650.0,0,0,0,0
gen=0_training=390,2957300.0,0,0,0,0
gen=0_training=391,1196090.0,0,0,0,0
gen=0_training=392,2347870.0,0,0,0,0
gen=0_training=393,2195570.0,0,0,0,0
gen=0_training=394,1458180.0,0,0,0,0
gen=0_training=395,1382950.0,0,0,0,0
gen=0_training=396,4169540.0,0,0,0,0
gen=0_training=397,1746960.0,0,0,0,0
gen=0_training=398,1966190.0,0,0,0,0
gen=0_training=399,3447260.0,0,0,0,0
gen=0_training=400,2736610.0,0,0,0,0
gen=0_training=401,2506990.0,0,0,0,0
gen=0_training=402,2279310.0,0,0,0,0
gen=0_training=403,3327030.0,0,0,0,0
gen=0_training=404,2858500.0,0,0,0,0
gen=0_training=405,1258160.0,0,0,0,0
gen=0_training=406,2370310.0,0,0,0,0
gen=0_training=407,5114430.0,0,0,0,0
gen=0_training=408,1005180.0,0,0,0,0
gen=0_training=409,802854.0,0,0,0,0
gen=0_training=410,1602890.0,0,0,0,0
gen=0_training=411,2521840.0,0,0,0,0
gen=0_training=412,2377950.0,0,0,0,0
gen=0_training=413,871894.0,0,0,0,0
gen=0_training=414,3090890.0,0,0,0,0
gen=0_training=415,2673530.0,0,0,0,0
gen=0_training=416,2175490.0,0,0,0,0
gen=0_training=417,2559710.0,0,0,0,0
gen=0_training=418,3212840.0,0,0,0,0
gen=0_training=419,1591820.0,0,0,0,0
gen=0_training=420,3324430.0,0,0,0,0
gen=0_training=421,1245470.0,0,0,0,0
gen=0_training=422,2429890.0,0,0,0,0
gen=0_training=423,1766030.0,0,0,0,0
gen=0_training=424,1572350.0,0,0,0,0
gen=0_training=425,2483330.0,0,0,0,0
gen=0_training=426,575055.0,0,0,0,0
gen=0_training=427,2871650.0,0,0,0,0
gen=0_training=428,1688080.0,0,0,0,0
gen=0_training=429,2932640.0,0,0,0,0
gen=0_training=430,3374800.0,0,0,0,0
gen=0_training=431,1987220.0,0,0,0,0
gen=0_training=432,2078350.0,0,0,0,0
gen=0_training=433,4009330.0,0,0,0,0
gen=0_training=434,1610000.0,0,0,0,0
gen=0_training=435,2595690.0,0,0,0,0
gen=0_training=436,1988150.0,0,0,0,0
gen=0_training=437,3903780.0,0,0,0,0
gen=0_training=438,2539100.0,0,0,0,0
gen=0_training=439,2333970.0,0,0,0,0
gen=0_training=440,2819920.0,0,0,0,0
gen=0_training=441,3735160.0,0,0,0,0
gen=0_training=442,411115.0,0,0,0,0
gen=0_training=443,1379790.0,0,0,0,0
gen=0_training=444,1183120.0,0,0,0,0
gen=0_training=445,616304.0,0,0,0,0
gen=0_training=446,2538980.0,0,0,0,0
gen=0_training=447,3540230.0,0,0,0,0
gen=0_training=448,3297740.0,0,0,0,0
gen=0_training=449,1795130.0,0,0,0,0
gen=0_training=450,3467950.0,0,0,0,0
gen=0_training=451,3356730.0,0,0,0,0
gen=0_training=452,2510690.0,0,0,0,0
gen=0_training=453,2149930.0,0,0,0,0
gen=0_training=454,2769490.0,0,0,0,0
gen=0_training=455,1604630.0,0,0,0,0
gen=0_training=456,1741420.0,0,0,0,0
gen=0_training=457,1292540.0,0,0,0,0
gen=0_training=458,1559640.0,0,0,0,0
gen=0_training=459,3533910.0,0,0,0,0
gen=0_training=460,3876650.0,0,0,0,0
gen=0_training=461,2741460.0,0,0,0,0
gen=0_training=462,2565710.0,0,0,0,0
gen=0_training=463,3070230.0,0,0,0,0
gen=0_training=464,1991020.0,0,0,0,0
gen=0_training=465,886675.0,0,0,0,0
gen=0_training=466,2306590.0,0,0,0,0
gen=0_training=467,2021080.0,0,0,0,0
gen=0_training=468,1653270.0,0,0,0,0
gen=0_training=469,1583710.0,0,0,0,0
gen=0_training=470,1002100.0,0,0,0,0
gen=0_training=471,3665960.0,0,0,0,0
gen=0_training=472,2728860.0,0,0,0,0
gen=0_training=473,5716890.0,0,0,0,0
gen=0_training=474,2017520.0,0,0,0,0
gen=0_training=475,1488800.0,0,0,0,0
gen=0_training=476,2236040.0,0,0,0,0
gen=0_training=477,2032040.0,0,0,0,0
gen=0_training=478,3459200.0,0,0,0,0
gen=0_training=479,3079610.0,0,0,0,0
gen=0_training=480,2444390.0,0,0,0,0
gen=0_training=481,1589850.0,0,0,0,0
gen=0_training=482,3403110.0,0,0,0,0
gen=0_training=483,3768640.0,0,0,0,0
gen=0_training=484,2633890.0,0,0,0,0
gen=0_training=485,2629860.0,0,0,0,0
gen=0_training=486,4308280.0,0,0,0,0
gen=0_training=487,1773710.0,0,0,0,0
gen=0_training=488,3048900.0,0,0,0,0
gen=0_training=489,1345420.0,0,0,0,0
gen=0_training=490,801733.0,0,0,0,0
gen=0_training=491,1703340.0,0,0,0,0
gen=0_training=492,1828590.0,0,0,0,0
gen=0_training=493,1588270.0,0,0,0,0
gen=0_training=494,2764520.0,0,0,0,0
gen=0_training=495,1610760.0,0,0,0,0
gen=0_training=496,3314330.0,0,0,0,0
gen=0_training=497,3118800.0,0,0,0,0
gen=0_training=498,2108930.0,0,0,0,0
gen=0_training=499,1395510.0,0,0,0,0
gen=0_training=500,1654070.0,0,0,0,0
gen=0_training=501,1651470.0,0,0,0,0
gen=0_training=502,3264080.0,0,0,0,0
gen=0_training=503,2293480.0,0,0,0,0
gen=0_training=504,1081320.0,0,0,0,0
gen=0_training=505,2298180.0,0,0,0,0
gen=0_training=506,2518770.0,0,0,0,0
gen=0_training=507,2141450.0,0,0,0,0
gen=0_training=508,2386220.0,0,0,0,0
gen=0_training=509,3883650.0,0,0,0,0
gen=0_training=510,3048520.0,0,0,0,0
gen=0_training=511,2538540.0,0,0,0,0
gen=0_training=512,1612990.0,0,0,0,0
gen=0_training=513,3834990.0,0,0,0,0
gen=0_training=514,2043140.0,0,0,0,0
gen=0_training=515,2645970.0,0,0,0,0
gen=0_training=516,2512290.0,0,0,0,0
gen=0_training=517,2212880.0,0,0,0,0
gen=0_training=518,2398110.0,0,0,0,0
gen=0_training=519,1613620.0,0,0,0,0
gen=0_training=520,2291430.0,0,0,0,0
gen=0_training=521,1448030.0,0,0,0,0
gen=0_training=522,2492700.0,0,0,0,0
gen=0_training=523,817432.0,0,0,0,0
gen=0_training=524,3723350.0,0,0,0,0
gen=0_training=525,2096100.0,0,0,0,0
gen=0_training=526,2952960.0,0,0,0,0
gen=0_training=527,1236550.0,0,0,0,0
gen=0_training=528,2645380.0,0,0,0,0
gen=0_training=529,2704140.0,0,0,0,0
gen=0_training=530,2509150.0,0,0,0,0
gen=0_training=531,2194610.0,0,0,0,0
gen=0_training=532,253547.0,0,0,0,0
gen=0_training=533,2310120.0,0,0,0,0
gen=0_training=534,2798890.0,0,0,0,0
gen=0_training=535,3395510.0,0,0,0,0
gen=0_training=536,440301.0,0,0,0,0
gen=0_training=537,1300260.0,0,0,0,0
gen=0_training=538,2511120.0,0,0,0,0
gen=0_training=539,3599910.0,0,0,0,0
gen=0_training=540,3531450.0,0,0,0,0
gen=0_training=541,2699350.0,0,0,0,0
gen=0_training=542,3064390.0,0,0,0,0
gen=0_training=543,3855830.0,0,0,0,0
gen=0_training=544,3218620.0,0,0,0,0
gen=0_training=545,2712860.0,0,0,0,0
gen=0_training=546,2718610.0,0,0,0,0
gen=0_training=547,3304090.0,0,0,0,0
gen=0_training=548,3240000.0,0,0,0,0
gen=0_training=549,3572910.0,0,0,0,0
gen=0_training=550,1743650.0,0,0,0,0
gen=0_training=551,5351820.0,0,0,0,0
gen=0_training=552,1688010.0,0,0,0,0
gen=0_training=553,3403000.0,0,0,0,0
gen=0_training=554,1512990.0,0,0,0,0
gen=0_training=555,1932230.0,0,0,0,0
gen=0_training=556,1669760.0,0,0,0,0
gen=0_training=557,4071220.0,0,0,0,0
gen=0_training=558,3030590.0,0,0,0,0
gen=0_training=559,3080190.0,0,0,0,0
gen=0_training=560,2717310.0,0,0,0,0
gen=0_training=561,2338130.0,0,0,0,0
gen=0_training=562,2349740.0,0,0,0,0
gen=0_training=563,1780860.0,0,0,0,0
gen=0_training=564,1310080.0,0,0,0,0
gen=0_training=565,1927040.0,0,0,0,0
gen=0_training=566,2408970.0,0,0,0,0
gen=0_training=567,2246090.0,0,0,0,0
gen=0_training=568,911980.0,0,0,0,0
gen=0_training=569,1697740.0,0,0,0,0
gen=0_training=570,2470320.0,0,0,0,0
gen=0_training=571,2873430.0,0,0,0,0
gen=0_training=572,2678470.0,0,0,0,0
gen=0_training=573,2723180.0,0,0,0,0
gen=0_training=574,1689360.0,0,0,0,0
gen=0_training=575,1129160.0,0,0,0,0
gen=0_training=576,3194400.0,0,0,0,0
gen=0_training=577,807559.0,0,0,0,0
gen=0_training=578,2501130.0,0,0,0,0
gen=0_training=579,3977140.0,0,0,0,0
gen=0_training=580,615648.0,0,0,0,0
gen=0_training=581,2815980.0,0,0,0,0
gen=0_training=582,3175800.0,0,0,0,0
gen=0_training=583,3037480.0,0,0,0,0
gen=0_training=584,3718990.0,0,0,0,0
gen=0_training=585,3680070.0,0,0,0,0
gen=0_training=586,603965.0,0,0,0,0
gen=0_training=587,3170360.0,0,0,0,0
gen=0_training=588,1223040.0,0,0,0,0
gen=0_training=589,2437700.0,0,0,0,0
gen=0_training=590,3194850.0,0,0,0,0
gen=0_training=591,3640980.0,0,0,0,0
gen=0_training=592,2529080.0,0,0,0,0
gen=0_training=593,1804810.0,0,0,0,0
gen=0_training=594,3031210.0,0,0,0,0
gen=0_training=595,1436330.0,0,0,0,0
gen=0_training=596,1871710.0,0,0,0,0
gen=0_training=597,1350060.0,0,0,0,0
gen=0_training=598,3070200.0,0,0,0,0
gen=0_training=599,2872470.0,0,0,0,0
gen=0_training=600,2532090.0,0,0,0,0
gen=0_training=601,4818650.0,0,0,0,0
gen=0_training=602,2534720.0,0,0,0,0
gen=0_training=603,3086760.0,0,0,0,0
gen=0_training=604,1536350.0,0,0,0,0
gen=0_training=605,2622420.0,0,0,0,0
gen=0_training=606,2926500.0,0,0,0,0
gen=0_training=607,2997440.0,0,0,0,0
gen=0_training=608,1621480.0,0,0,0,0
gen=0_training=609,3753100.0,0,0,0,0
gen=0_training=610,3865800.0,0,0,0,0
gen=0_training=611,2483890.0,0,0,0,0
gen=0_training=612,2176040.0,0,0,0,0
gen=0_training=613,1785350.0,0,0,0,0
gen=0_training=614,3055780.0,0,0,0,0
gen=0_training=615,3305170.0,0,0,0,0
gen=0_training=616,2601530.0,0,0,0,0
gen=0_training=617,3938270.0,0,0,0,0
gen=0_training=618,2929430.0,0,0,0,0
gen=0_training=619,732910.0,0,0,0,0
gen=0_training=620,2464620.0,0,0,0,0
gen=0_training=621,4396830.0,0,0,0,0
gen=0_training=622,3834110.0,0,0,0,0
gen=0_training=623,1522780.0,0,0,0,0
gen=0_training=624,1835570.0,0,0,0,0
gen=0_training=625,2062290.0,0,0,0,0
gen=0_training=626,2542300.0,0,0,0,0
gen=0_training=627,1504760.0,0,0,0,0
gen=0_training=628,1561520.0,0,0,0,0
gen=0_training=629,1425090.0,0,0,0,0
gen=0_training=630,2281460.0,0,0,0,0
gen=0_training=631,4078820.0,0,0,0,0
gen=0_training=632,1096340.0,0,0,0,0
gen=0_training=633,2221390.0,0,0,0,0
gen=0_training=634,1929930.0,0,0,0,0
gen=0_training=635,4389010.0,0,0,0,0
gen=0_training=636,3300740.0,0,0,0,0
gen=0_training=637,1974300.0,0,0,0,0
gen=0_training=638,2602220.0,0,0,0,0
gen=0_training=639,4634230.0,0,0,0,0
gen=0_training=640,3166680.0,0,0,0,0
gen=0_training=641,1144240.0,0,0,0,0
gen=0_training=642,1897450.0,0,0,0,0
gen=0_training=643,3332490.0,0,0,0,0
gen=0_training=644,1403680.0,0,0,0,0
gen=0_training=645,1321060.0,0,0,0,0
gen=0_training=646,1602060.0,0,0,0,0
gen=0_training=647,3582400.0,0,0,0,0
gen=0_training=648,2459540.0,0,0,0,0
gen=0_training=649,1808990.0,0,0,0,0
gen=0_training=650,1779720.0,0,0,0,0
gen=0_training=651,2443170.0,0,0,0,0
gen=0_training=652,2337260.0,0,0,0,0
gen=0_training=653,2578760.0,0,0,0,0
gen=0_training=654,2185270.0,0,0,0,0
gen=0_training=655,1154790.0,0,0,0,0
gen=0_training=656,1148840.0,0,0,0,0
gen=0_training=657,2451940.0,0,0,0,0
gen=0_training=658,3005160.0,0,0,0,0
gen=0_training=659,3808240.0,0,0,0,0
gen=0_training=660,1385150.0,0,0,0,0
gen=0_training=661,3270590.0,0,0,0,0
gen=0_training=662,3963490.0,0,0,0,0
gen=0_training=663,3216390.0,0,0,0,0
gen=0_training=664,4747300.0,0,0,0,0
gen=0_training=665,2105290.0,0,0,0,0
gen=0_training=666,1980920.0,0,0,0,0
gen=0_training=667,3199370.0,0,0,0,0
gen=0_training=668,2716840.0,0,0,0,0
gen=0_training=669,3919070.0,0,0,0,0
gen=0_training=670,2507790.0,0,0,0,0
gen=0_training=671,1423110.0,0,0,0,0
gen=0_training=672,2777130.0,0,0,0,0
gen=0_training=673,3272350.0,0,0,0,0
gen=0_training=674,2261220.0,0,0,0,0
gen=0_training=675,2745780.0,0,0,0,0
gen=0_training=676,2219140.0,0,0,0,0
gen=0_training=677,4727990.0,0,0,0,0
gen=0_training=678,2420130.0,0,0,0,0
gen=0_training=679,1652580.0,0,0,0,0
gen=0_training=680,3180340.0,0,0,0,0
gen=0_training=681,3293180.0,0,0,0,0
gen=0_training=682,3686610.0,0,0,0,0
gen=0_training=683,4204270.0,0,0,0,0
gen=0_training=684,4054840.0,0,0,0,0
gen=0_training=685,1430330.0,0,0,0,0
gen=0_training=686,2158390.0,0,0,0,0
gen=0_training=687,2134220.0,0,0,0,0
gen=0_training=688,1546130.0,0,0,0,0
gen=0_training=689,2256460.0,0,0,0,0
gen=0_training=690,3506430.0,0,0,0,0
gen=0_training=691,3321950.0,0,0,0,0
gen=0_training=692,1208490.0,0,0,0,0
gen=0_training=693,2036430.0,0,0,0,0
gen=0_training=694,2325210.0,0,0,0,0
gen=0_training=695,3345730.0,0,0,0,0
gen=0_training=696,5031050.0,0,0,0,0
gen=0_training=697,2559970.0,0,0,0,0
gen=0_training=698,1797120.0,0,0,0,0
gen=0_training=699,1678670.0,0,0,0,0
gen=0_training=700,2636900.0,0,0,0,0
gen=0_training=701,1581460.0,0,0,0,0
gen=0_training=702,2982940.0,0,0,0,0
gen=0_training=703,2859060.0,0,0,0,0
gen=0_training=704,2901960.0,0,0,0,0
gen=0_training=705,4414630.0,0,0,0,0
gen=0_training=706,1741860.0,0,0,0,0
gen=0_training=707,3191160.0,0,0,0,0
gen=0_training=708,2808670.0,0,0,0,0
gen=0_training=709,3881190.0,0,0,0,0
gen=0_training=710,2036780.0,0,0,0,0
gen=0_training=711,680927.0,0,0,0,0
gen=0_training=712,2278910.0,0,0,0,0
gen=0_training=713,908109.0,0,0,0,0
gen=0_training=714,2394170.0,0,0,0,0
gen=0_training=715,4028840.0,0,0,0,0
gen=0_training=716,4720100.0,0,0,0,0
gen=0_training=717,3750530.0,0,0,0,0
gen=0_training=718,1299920.0,0,0,0,0
gen=0_training=719,3042620.0,0,0,0,0
gen=0_training=720,4232590.0,0,0,0,0
gen=0_training=721,3211670.0,0,0,0,0
gen=0_training=722,2119500.0,0,0,0,0
gen=0_training=723,2073560.0,0,0,0,0
gen=0_training=724,1326750.0,0,0,0,0
gen=0_training=725,2396120.0,0,0,0,0
gen=0_training=726,4159150.0,0,0,0,0
gen=0_training=727,2206660.0,0,0,0,0
gen=0_training=728,4089190.0,0,0,0,0
gen=0_training=729,2460290.0,0,0,0,0
gen=0_training=730,1833300.0,0,0,0,0
gen=0_training=731,3053890.0,0,0,0,0
gen=0_training=732,1475990.0,0,0,0,0
gen=0_training=733,2459850.0,0,0,0,0
gen=0_training=734,1930200.0,0,0,0,0
gen=0_training=735,1965300.0,0,0,0,0
gen=0_training=736,1614940.0,0,0,0,0
gen=0_training=737,1820870.0,0,0,0,0
gen=0_training=738,2212960.0,0,0,0,0
gen=0_training=739,2988600.0,0,0,0,0
gen=0_training=740,2205070.0,0,0,0,0
gen=0_training=741,1804130.0,0,0,0,0
gen=0_training=742,1414780.0,0,0,0,0
gen=0_training=743,675666.0,0,0,0,0
gen=0_training=744,3064820.0,0,0,0,0
gen=0_training=745,1755350.0,0,0,0,0
gen=0_training=746,2993300.0,0,0,0,0
gen=0_training=747,1316030.0,0,0,0,0
gen=0_training=748,1888480.0,0,0,0,0
gen=0_training=749,2305450.0,0,0,0,0
gen=0_training=750,1316810.0,0,0,0,0
gen=0_training=751,2180240.0,0,0,0,0
gen=0_training=752,2766200.0,0,0,0,0
gen=0_training=753,2848100.0,0,0,0,0
gen=0_training=754,3846180.0,0,0,0,0
gen=0_training=755,870520.0,0,0,0,0
gen=0_training=756,2292460.0,0,0,0,0
gen=0_training=757,3093400.0,0,0,0,0
gen=0_training=758,4049670.0,0,0,0,0
gen=0_training=759,2828770.0,0,0,0,0
gen=0_training=760,2908100.0,0,0,0,0
gen=0_training=761,1481480.0,0,0,0,0
gen=0_training=762,4091050.0,0,0,0,0
gen=0_training=763,2919540.0,0,0,0,0
gen=0_training=764,3348690.0,0,0,0,0
gen=0_training=765,1968700.0,0,0,0,0
gen=0_training=766,1263920.0,0,0,0,0
gen=0_training=767,2568550.0,0,0,0,0
gen=0_training=768,2211640.0,0,0,0,0
gen=0_training=769,3907430.0,0,0,0,0
gen=0_training=770,3479200.0,0,0,0,0
gen=0_training=771,3579600.0,0,0,0,0
gen=0_training=772,1674670.0,0,0,0,0
gen=0_training=773,2217830.0,0,0,0,0
gen=0_training=774,930176.0,0,0,0,0
gen=0_training=775,2652520.0,0,0,0,0
gen=0_training=776,1578340.0,0,0,0,0
gen=0_training=777,1003620.0,0,0,0,0
gen=0_training=778,2990220.0,0,0,0,0
gen=0_training=779,5082520.0,0,0,0,0
gen=0_training=780,807008.0,0,0,0,0
gen=0_training=781,2882730.0,0,0,0,0
gen=0_training=782,2138160.0,0,0,0,0
gen=0_training=783,1385330.0,0,0,0,0
gen=0_training=784,4119080.0,0,0,0,0
gen=0_training=785,2868190.0,0,0,0,0
gen=0_training=786,3211150.0,0,0,0,0
gen=0_training=787,2980420.0,0,0,0,0
gen=0_training=788,1284440.0,0,0,0,0
gen=0_training=789,2832540.0,0,0,0,0
gen=0_training=790,1773730.0,0,0,0,0
gen=0_training=791,2071590.0,0,0,0,0
gen=0_training=792,864029.0,0,0,0,0
gen=0_training=793,971204.0,0,0,0,0
gen=0_training=794,1624490.0,0,0,0,0
gen=0_training=795,3485280.0,0,0,0,0
gen=0_training=796,4638960.0,0,0,0,0
gen=0_training=797,3742760.0,0,0,0,0
gen=0_training=798,2762350.0,0,0,0,0
gen=0_training=799,1357260.0,0,0,0,0
gen=0_training=800,3636380.0,0,0,0,0
gen=0_training=801,1378260.0,0,0,0,0
gen=0_training=802,1914720.0,0,0,0,0
gen=0_training=803,1772590.0,0,0,0,0
gen=0_training=804,2158630.0,0,0,0,0
gen=0_training=805,1887370.0,0,0,0,0
gen=0_training=806,4019220.0,0,0,0,0
gen=0_training=807,2853490.0,0,0,0,0
gen=0_training=808,1435300.0,0,0,0,0
gen=0_training=809,2516160.0,0,0,0,0
gen=0_training=810,2781480.0,0,0,0,0
gen=0_training=811,2241650.0,0,0,0,0
gen=0_training=812,1972890.0,0,0,0,0
gen=0_training=813,3966310.0,0,0,0,0
gen=0_training=814,2651090.0,0,0,0,0
gen=0_training=815,1558320.0,0,0,0,0
gen=0_training=816,3486870.0,0,0,0,0
gen=0_training=817,2750270.0,0,0,0,0
gen=0_training=818,4787570.0,0,0,0,0
gen=0_training=819,2773100.0,0,0,0,0
gen=0_training=820,810569.0,0,0,0,0
gen=0_training=821,1742580.0,0,0,0,0
gen=0_training=822,3121490.0,0,0,0,0
gen=0_training=823,2595160.0,0,0,0,0
gen=0_training=824,1248760.0,0,0,0,0
gen=0_training=825,2707200.0,0,0,0,0
gen=0_training=826,4862770.0,0,0,0,0
gen=0_training=827,2227580.0,0,0,0,0
gen=0_training=828,2839630.0,0,0,0,0
gen=0_training=829,3239510.0,0,0,0,0
gen=0_training=830,2109040.0,0,0,0,0
gen=0_training=831,3779940.0,0,0,0,0
gen=0_training=832,2281500.0,0,0,0,0
gen=0_training=833,2486350.0,0,0,0,0
gen=0_training=834,3094570.0,0,0,0,0
gen=0_training=835,1658180.0,0,0,0,0
gen=0_training=836,1129880.0,0,0,0,0
gen=0_training=837,3425130.0,0,0,0,0
gen=0_training=838,1679520.0,0,0,0,0
gen=0_training=839,2957920.0,0,0,0,0
gen=0_training=840,1527950.0,0,0,0,0
gen=0_training=841,3868280.0,0,0,0,0
gen=0_training=842,2352220.0,0,0,0,0
gen=0_training=843,3973080.0,0,0,0,0
gen=0_training=844,1134930.0,0,0,0,0
gen=0_training=845,2328380.0,0,0,0,0
gen=0_training=846,1985470.0,0,0,0,0
gen=0_training=847,4432190.0,0,0,0,0
gen=0_training=848,1503090.0,0,0,0,0
gen=0_training=849,1678490.0,0,0,0,0
gen=0_training=850,1849930.0,0,0,0,0
gen=0_training=851,1888340.0,0,0,0,0
gen=0_training=852,1143590.0,0,0,0,0
gen=0_training=853,2146460.0,0,0,0,0
gen=0_training=854,2284560.0,0,0,0,0
gen=0_training=855,1455720.0,0,0,0,0
gen=0_training=856,2252640.0,0,0,0,0
gen=0_training=857,789178.0,0,0,0,0
gen=0_training=858,1098910.0,0,0,0,0
gen=0_training=859,1214300.0,0,0,0,0
gen=0_training=860,2263270.0,0,0,0,0
gen=0_training=861,2844790.0,0,0,0,0
gen=0_training=862,1913450.0,0,0,0,0
gen=0_training=863,1203770.0,0,0,0,0
gen=0_training=864,1621740.0,0,0,0,0
gen=0_training=865,4527550.0,0,0,0,0
gen=0_training=866,3077140.0,0,0,0,0
gen=0_training=867,3013800.0,0,0,0,0
gen=0_training=868,4475680.0,0,0,0,0
gen=0_training=869,3461040.0,0,0,0,0
gen=0_training=870,4992240.0,0,0,0,0
gen=0_training=871,1737360.0,0,0,0,0
gen=0_training=872,4404520.0,0,0,0,0
gen=0_training=873,3739290.0,0,0,0,0
gen=0_training=874,1830320.0,0,0,0,0
gen=0_training=875,2642640.0,0,0,0,0
gen=0_training=876,2946900.0,0,0,0,0
gen=0_training=877,1731060.0,0,0,0,0
gen=0_training=878,4036150.0,0,0,0,0
gen=0_training=879,1758310.0,0,0,0,0
gen=0_training=880,3984570.0,0,0,0,0
gen=0_training=881,1353030.0,0,0,0,0
gen=0_training=882,2390670.0,0,0,0,0
gen=0_training=883,2065930.0,0,0,0,0
gen=0_training=884,2836150.0,0,0,0,0
gen=0_training=885,1709110.0,0,0,0,0
gen=0_training=886,3349740.0,0,0,0,0
gen=0_training=887,1615560.0,0,0,0,0
gen=0_training=888,1342010.0,0,0,0,0
gen=0_training=889,3874710.0,0,0,0,0
gen=0_training=890,1048080.0,0,0,0,0
gen=0_training=891,3143980.0,0,0,0,0
gen=0_training=892,1396030.0,0,0,0,0
gen=0_training=893,2715220.0,0,0,0,0
gen=0_training=894,1776470.0,0,0,0,0
gen=0_training=895,1987950.0,0,0,0,0
gen=0_training=896,3502530.0,0,0,0,0
gen=0_training=897,2317410.0,0,0,0,0
gen=0_training=898,2984120.0,0,0,0,0
gen=0_training=899,1748740.0,0,0,0,0
gen=0_training=900,2490250.0,0,0,0,0
gen=0_training=901,1649540.0,0,0,0,0
gen=0_training=902,2345140.0,0,0,0,0
gen=0_training=903,2644190.0,0,0,0,0
gen=0_training=904,2000480.0,0,0,0,0
gen=0_training=905,3616950.0,0,0,0,0
gen=0_training=906,2487420.0,0,0,0,0
gen=0_training=907,1848280.0,0,0,0,0
gen=0_training=908,1357580.0,0,0,0,0
gen=0_training=909,3175900.0,0,0,0,0
gen=0_training=910,2242530.0,0,0,0,0
gen=0_training=911,1854870.0,0,0,0,0
gen=0_training=912,284525.0,0,0,0,0
gen=0_training=913,2635690.0,0,0,0,0
gen=0_training=914,2168510.0,0,0,0,0
gen=0_training=915,1505810.0,0,0,0,0
gen=0_training=916,1970460.0,0,0,0,0
gen=0_training=917,2035150.0,0,0,0,0
gen=0_training=918,3666940.0,0,0,0,0
gen=0_training=919,1551010.0,0,0,0,0
gen=0_training=920,1319390.0,0,0,0,0
gen=0_training=921,2771980.0,0,0,0,0
gen=0_training=922,2038810.0,0,0,0,0
gen=0_training=923,2490280.0,0,0,0,0
gen=0_training=924,2199750.0,0,0,0,0
gen=0_training=925,3088360.0,0,0,0,0
gen=0_training=926,2583600.0,0,0,0,0
gen=0_training=927,1663730.0,0,0,0,0
gen=0_training=928,1891680.0,0,0,0,0
gen=0_training=929,3558070.0,0,0,0,0
gen=0_training=930,3101820.0,0,0,0,0
gen=0_training=931,1254560.0,0,0,0,0
gen=0_training=932,2554170.0,0,0,0,0
gen=0_training=933,1406230.0,0,0,0,0
gen=0_training=934,2504080.0,0,0,0,0
gen=0_training=935,3368720.0,0,0,0,0
gen=0_training=936,2360860.0,0,0,0,0
gen=0_training=937,1469610.0,0,0,0,0
gen=0_training=938,4201900.0,0,0,0,0
gen=0_training=939,2018830.0,0,0,0,0
gen=0_training=940,865575.0,0,0,0,0
gen=0_training=941,2317950.0,0,0,0,0
gen=0_training=942,3101850.0,0,0,0,0
gen=0_training=943,2916620.0,0,0,0,0
gen=0_training=944,1814260.0,0,0,0,0
gen=0_training=945,896455.0,0,0,0,0
gen=0_training=946,2963660.0,0,0,0,0
gen=0_training=947,2529090.0,0,0,0,0
gen=0_training=948,1902830.0,0,0,0,0
gen=0_training=949,2497200.0,0,0,0,0
gen=0_training=950,1813200.0,0,0,0,0
gen=0_training=951,1780000.0,0,0,0,0
gen=0_training=952,965350.0,0,0,0,0
gen=0_training=953,3217450.0,0,0,0,0
gen=0_training=954,1912970.0,0,0,0,0
gen=0_training=955,1434230.0,0,0,0,0
gen=0_training=956,2746240.0,0,0,0,0
gen=0_training=957,2434340.0,0,0,0,0
gen=0_training=958,1426890.0,0,0,0,0
gen=0_training=959,3210560.0,0,0,0,0
gen=0_training=960,589856.0,0,0,0,0
gen=0_training=961,2245830.0,0,0,0,0
gen=0_training=962,2847490.0,0,0,0,0
gen=0_training=963,2276000.0,0,0,0,0
gen=0_training=964,1237620.0,0,0,0,0
gen=0_training=965,3504430.0,0,0,0,0
gen=0_training=966,4114340.0,0,0,0,0
gen=0_training=967,1324160.0,0,0,0,0
gen=0_training=968,1569410.0,0,0,0,0
gen=0_training=969,2698040.0,0,0,0,0
gen=0_training=970,3182930.0,0,0,0,0
gen=0_training=971,1266870.0,0,0,0,0
gen=0_training=972,2616590.0,0,0,0,0
gen=0_training=973,3306760.0,0,0,0,0
gen=0_training=974,1812980.0,0,0,0,0
gen=0_training=975,2762300.0,0,0,0,0
gen=0_training=976,1982650.0,0,0,0,0
gen=0_training=977,1480500.0,0,0,0,0
gen=0_training=978,2589360.0,0,0,0,0
gen=0_training=979,4119940.0,0,0,0,0
gen=0_training=980,3575300.0,0,0,0,0
gen=0_training=981,3999650.0,0,0,0,0
gen=0_training=982,2698500.0,0,0,0,0
gen=0_training=983,3059200.0,0,0,0,0
gen=0_training=984,2504360.0,0,0,0,0
gen=0_training=985,1342830.0,0,0,0,0
gen=0_training=986,3609020.0,0,0,0,0
gen=0_training=987,2018270.0,0,0,0,0
gen=0_training=988,2694590.0,0,0,0,0
gen=0_training=989,2399360.0,0,0,0,0
gen=0_training=990,2179280.0,0,0,0,0
gen=0_training=991,849519.0,0,0,0,0
gen=0_training=992,5756340.0,0,0,0,0
gen=0_training=993,2349460.0,0,0,0,0
gen=0_training=994,1024820.0,0,0,0,0
gen=0_training=995,2419890.0,0,0,0,0
gen=0_training=996,1887900.0,0,0,0,0
gen=0_training=997,3224500.0,0,0,0,0
gen=0_training=998,2061570.0,0,0,0,0
gen=0_training=999,1896340.0,0,0,0,0
gen=50_infill=1,323081.0,0,0,0,0
gen=50_infill=2,244081.0,0,0,0,0
gen=50_infill=3,276834.0,0,0,0,0
gen=50_infill=4,217932.0,0,0,0,0
gen=50_infill=5,75183.7,0,0,0,0
gen=50_infill=6,88427.9,0,0,0,0
gen=50_infill=7,130046.0,0,0,0,0
gen=50_infill=8,120896.0,0,0,0,0
gen=50_infill=9,135604.0,0,0,0,0
gen=50_infill=10,111602.0,0,0,0,0
gen=50_infill=11,74675.6,0,0,0,0
gen=50_infill=12,196807.0,0,0,0,0
gen=50_infill=13,67002.1,0,0,0,0
gen=50_infill=14,226756.0,0,0,0,0
gen=50_infill=15,60568.3,0,0,0,0
gen=50_infill=16,172663.0,0,0,0,0
gen=50_infill=17,129453.0,0,0,0,0
gen=50_infill=18,160799.0,0,0,0,0
gen=50_infill=19,93374.6,0,0,0,0
gen=50_infill=20,87380.1,0,0,0,0
gen=50_infill=21,74436.4,0,0,0,0
gen=50_infill=22,248097.0,0,0,0,0
gen=50_infill=23,51690.9,0,0,0,0
gen=50_infill=24,34459.5,0,0,0,0
gen=50_infill=25,38179.3,0,0,0,0
gen=50_infill=26,69276.8,0,0,0,0
gen=50_infill=27,51230.6,0,0,0,0
gen=50_infill=28,24792.7,0,0,0,0
gen=50_infill=29,19954.0,0,0,0,0
gen=50_infill=30,166007.0,0,0,0,0
gen=50_infill=31,59034.9,0,0,0,0
gen=50_infill=32,51604.6,0,0,0,0
gen=50_infill=33,246415.0,0,0,0,0
gen=50_infill=34,67205.3,0,0,0,0
gen=50_infill=35,225733.0,0,0,0,0
gen=50_infill=36,33758.6,0,0,0,0
gen=50_infill=37,50779.9,0,0,0,0
gen=50_infill=38,29501.6,0,0,0,0
gen=50_infill=39,35219.8,0,0,0,0
gen=50_infill=40,214450.0,0,0,0,0
gen=50_infill=41,77344.7,0,0,0,0
gen=50_infill=42,41961.9,0,0,0,0
gen=50_infill=43,207896.0,0,0,0,0
gen=50_infill=44,207816.0,0,0,0,0
gen=50_infill=45,32588.8,0,0,0,0
gen=50_infill=46,48520.9,0,0,0,0
gen=50_infill=47,209526.0,0,0,0,0
gen=50_infill=48,207980.0,0,0,0,0
gen=50_infill=49,206352.0,0,0,0,0
gen=100_infill=1,33758.6,0,0,0,0
gen=100_infill=2,35219.8,0,0,0,0
gen=100_infill=3,32588.8,0,0,0,0
gen=100_infill=4,48520.9,0,0,0,0
gen=100_infill=5,98197.8,0,0,0,0
gen=100_infill=6,147755.0,0,0,0,0
gen=100_infill=7,28894.4,0,0,0,0
gen=100_infill=8,31312.5,0,0,0,0
gen=100_infill=9,79820.1,0,0,0,0
gen=100_infill=10,86433.6,0,0,0,0
gen=100_infill=11,30036.7,0,0,0,0
gen=100_infill=12,18478.9,0,0,0,0
gen=100_infill=13,34112.8,0,0,0,0
gen=100_infill=14,21456.2,0,0,0,0
gen=100_infill=15,29584.9,0,0,0,0
gen=100_infill=16,66886.8,0,0,0,0
gen=100_infill=17,35256.8,0,0,0,0
gen=100_infill=18,30739.1,0,0,0,0
gen=100_infill=19,105010.0,0,0,0,0
gen=100_infill=20,5954.4,0,0,0,0
gen=100_infill=21,20995.8,0,0,0,0
gen=100_infill=22,24593.1,0,0,0,0
gen=100_infill=23,60313.5,0,0,0,0
gen=100_infill=24,25580.6,0,0,0,0
gen=100_infill=25,14277.8,0,0,0,0
gen=100_infill=26,79694.1,0,0,0,0
gen=100_infill=27,29164.7,0,0,0,0
gen=100_infill=28,37801.1,0,0,0,0
gen=100_infill=29,83549.9,0,0,0,0
gen=100_infill=30,13651.3,0,0,0,0
gen=100_infill=31,32361.7,0,0,0,0
gen=100_infill=32,17974.9,0,0,0,0
gen=100_infill=33,33503.0,0,0,0,0
gen=100_infill=34,22626.5,0,0,0,0
gen=100_infill=35,12920.9,0,0,0,0
gen=100_infill=36,45371.8,0,0,0,0
gen=100_infill=37,21927.5,0,0,0,0
gen=100_infill=38,15380.2,0,0,0,0
gen=100_infill=39,21663.0,0,0,0,0
gen=100_infill=40,20259.4,0,0,0,0
gen=150_infill=1,278827.0,0,0,0,0
gen=150_infill=2,2426970.0,0,0,0,0
gen=150_infill=3,1800430.0,0,0,0,0
gen=150_infill=4,3266430.0,0,0,0,0
gen=150_infill=5,1610730.0,0,0,0,0
gen=150_infill=6,34216.8,0,0,0,0
gen=150_infill=7,240458.0,0,0,0,0
gen=150_infill=8,3076090.0,0,0,0,0
gen=150_infill=9,2025180.0,0,0,0,0
gen=150_infill=10,2179540.0,0,0,0,0
gen=150_infill=11,622279.0,0,0,0,0
gen=150_infill=12,1809320.0,0,0,0,0
gen=150_infill=13,56506.4,0,0,0,0
gen=150_infill=14,454221.0,0,0,0,0
gen=150_infill=15,2031100.0,0,0,0,0
gen=150_infill=16,357818.0,0,0,0,0
gen=150_infill=17,3141000.0,0,0,0,0
gen=150_infill=18,1555520.0,0,0,0,0
gen=150_infill=19,1804390.0,0,0,0,0
gen=150_infill=20,212359.0,0,0,0,0
gen=150_infill=21,1443980.0,0,0,0,0
gen=150_infill=22,1925740.0,0,0,0,0
gen=150_infill=23,1368660.0,0,0,0,0
gen=150_infill=24,3373110.0,0,0,0,0
gen=150_infill=25,1911530.0,0,0,0,0
gen=150_infill=26,310165.0,0,0,0,0
gen=150_infill=27,120046.0,0,0,0,0
gen=150_infill=28,347238.0,0,0,0,0
gen=150_infill=29,2555230.0,0,0,0,0
gen=150_infill=30,3203920.0,0,0,0,0
gen=150_infill=31,1145810.0,0,0,0,0
gen=150_infill=32,760682.0,0,0,0,0
gen=150_infill=33,1568560.0,0,0,0,0
gen=150_infill=34,2102840.0,0,0,0,0
gen=150_infill=35,2528940.0,0,0,0,0
gen=150_infill=36,1739250.0,0,0,0,0
gen=150_infill=37,1779160.0,0,0,0,0
gen=150_infill=38,798055.0,0,0,0,0
gen=150_infill=39,271074.0,0,0,0,0
gen=150_infill=40,1555630.0,0,0,0,0
gen=150_infill=41,223765.0,0,0,0,0
gen=150_infill=42,4155660.0,0,0,0,0
gen=150_infill=43,360038.0,0,0,0,0
gen=150_infill=44,2418870.0,0,0,0,0
gen=150_infill=45,1610000.0,0,0,0,0
gen=150_infill=46,1878590.0,0,0,0,0
gen=150_infill=47,308878.0,0,0,0,0
gen=150_infill=48,1843310.0,0,0,0,0
gen=150_infill=49,1917290.0,0,0,0,0
gen=150_infill=50,2428560.0,0,0,0,0
gen=150_infill=51,175867.0,0,0,0,0
gen=150_infill=52,408748.0,0,0,0,0
gen=150_infill=53,33758.6,0,0,0,0
gen=150_infill=54,164707.0,0,0,0,0
gen=150_infill=55,1813430.0,0,0,0,0
gen=150_infill=56,1911710.0,0,0,0,0
gen=150_infill=57,1546650.0,0,0,0,0
gen=150_infill=58,1537270.0,0,0,0,0
gen=150_infill=59,675384.0,0,0,0,0
gen=150_infill=60,2092140.0,0,0,0,0
gen=150_infill=61,1541300.0,0,0,0,0
gen=150_infill=62,2195680.0,0,0,0,0
gen=150_infill=63,2037560.0,0,0,0,0
gen=150_infill=64,1819720.0,0,0,0,0
gen=150_infill=65,3144700.0,0,0,0,0
gen=150_infill=66,1854210.0,0,0,0,0
gen=150_infill=67,2323560.0,0,0,0,0
gen=150_infill=68,1973970.0,0,0,0,0
gen=150_infill=69,1741760.0,0,0,0,0
gen=150_infill=70,1843670.0,0,0,0,0
gen=150_infill=71,720109.0,0,0,0,0
gen=150_infill=72,3062500.0,0,0,0,0
gen=150_infill=73,2567770.0,0,0,0,0
gen=150_infill=74,914441.0,0,0,0,0
gen=150_infill=75,3038150.0,0,0,0,0
gen=150_infill=76,280564.0,0,0,0,0
gen=150_infill=77,3499240.0,0,0,0,0
gen=150_infill=78,2493750.0,0,0,0,0
gen=150_infill=79,2121250.0,0,0,0,0
gen=150_infill=80,2117920.0,0,0,0,0
gen=150_infill=81,25392.0,0,0,0,0
gen=150_infill=82,3249960.0,0,0,0,0
gen=150_infill=83,2107380.0,0,0,0,0
gen=150_infill=84,45123.2,0,0,0,0
gen=150_infill=85,2291190.0,0,0,0,0
gen=150_infill=86,831098.0,0,0,0,0
gen=150_infill=87,2044850.0,0,0,0,0
gen=150_infill=88,2083740.0,0,0,0,0
gen=150_infill=89,515842.0,0,0,0,0
gen=150_infill=90,1986410.0,0,0,0,0
gen=150_infill=91,3099520.0,0,0,0,0
gen=150_infill=92,1563580.0,0,0,0,0
gen=150_infill=93,66262.1,0,0,0,0
gen=150_infill=94,438536.0,0,0,0,0
gen=150_infill=95,32021.9,0,0,0,0
gen=150_infill=96,2538000.0,0,0,0,0
gen=150_infill=97,3155470.0,0,0,0,0
gen=150_infill=98,3396320.0,0,0,0,0
gen=150_infill=99,2308380.0,0,0,0,0
gen=150_infill=100,2344010.0,0,0,0,0
gen=192_infill=1,20070.0,0,0,0,0
gen=192_infill=2,9578.62,0,0,0,0
gen=192_infill=3,24995.4,0,0,0,0
gen=192_infill=4,39020.7,0,0,0,0
gen=192_infill=5,17408.2,0,0,0,0
gen=192_infill=6,24072.2,0,0,0,0
gen=192_infill=7,39630.7,0,0,0,0
gen=192_infill=8,55291.5,0,0,0,0
gen=192_infill=9,25316.0,0,0,0,0
gen=192_infill=10,40844.0,0,0,0,0
gen=192_infill=11,24977.1,0,0,0,0
gen=192_infill=12,33418.9,0,0,0,0
gen=192_infill=13,20140.6,0,0,0,0
gen=192_infill=14,28856.1,0,0,0,0
gen=192_infill=15,12371.9,0,0,0,0
gen=192_infill=16,27081.4,0,0,0,0
gen=192_infill=17,10460.4,0,0,0,0
gen=192_infill=18,32501.5,0,0,0,0
gen=192_infill=19,20176.9,0,0,0,0
gen=192_infill=20,31241.8,0,0,0,0
gen=192_infill=21,6014.51,0,0,0,0
gen=192_infill=22,8597.27,0,0,0,0
gen=192_infill=23,17320.7,0,0,0,0
gen=192_infill=24,14732.5,0,0,0,0
gen=192_infill=25,23988.0,0,0,0,0
gen=192_infill=26,15546.2,0,0,0,0
gen=192_infill=27,14544.3,0,0,0,0
gen=192_infill=28,21168.7,0,0,0,0
gen=192_infill=29,10529.0,0,0,0,0
gen=192_infill=30,21765.2,0,0,0,0
gen=192_infill=31,20453.5,0,0,0,0
gen=192_infill=32,13804.1,0,0,0,0
gen=192_infill=33,14577.6,0,0,0,0
gen=192_infill=34,8148.32,0,0,0,0
gen=192_infill=35,15691.9,0,0,0,0
gen=192_infill=36,13765.9,0,0,0,0
gen=192_infill=37,18400.4,0,0,0,0
gen=192_infill=38,15555.8,0,0,0,0
gen=192_infill=39,38329.3,0,0,0,0
gen=192_infill=40,11338.6,0,0,0,0
gen=192_infill=41,19672.6,0,0,0,0
gen=192_infill=42,11055.7,0,0,0,0
gen=192_infill=43,13596.9,0,0,0,0
gen=192_infill=44,15446.3,0,0,0,0
gen=192_infill=45,11973.4,0,0,0,0
gen=192_infill=46,9161.02,0,0,0,0
gen=192_infill=47,18800.5,0,0,0,0
gen=192_infill=48,27848.9,0,0,0,0
gen=240_infill=1,10529.0,0,0,0,0
gen=240_infill=2,6032.66,0,0,0,0
gen=240_infill=3,14059.5,0,0,0,0
gen=240_infill=4,20874.9,0,0,0,0
gen=240_infill=5,12794.3,0,0,0,0
gen=240_infill=6,4690.54,0,0,0,0
gen=240_infill=7,23104.5,0,0,0,0
gen=240_infill=8,13285.2,0,0,0,0
gen=240_infill=9,20055.4,0,0,0,0
gen=240_infill=10,6977.0,0,0,0,0
gen=240_infill=11,9090.55,0,0,0,0
gen=240_infill=12,12158.7,0,0,0,0
gen=240_infill=13,15718.4,0,0,0,0
gen=240_infill=14,14612.1,0,0,0,0
gen=240_infill=15,9940.1,0,0,0,0
gen=240_infill=16,7631.14,0,0,0,0
gen=240_infill=17,7240.92,0,0,0,0
gen=240_infill=18,6971.32,0,0,0,0
gen=240_infill=19,5345.26,0,0,0,0
gen=240_infill=20,12586.2,0,0,0,0
gen=240_infill=21,5033.0,0,0,0,0
gen=240_infill=22,5923.71,0,0,0,0
gen=240_infill=23,6989.99,0,0,0,0
gen=240_infill=24,4922.44,0,0,0,0
gen=240_infill=25,4483.68,0,0,0,0
gen=300_infill=1,6032.66,0,0,0,0
gen=300_infill=2,14612.1,0,0,0,0
gen=300_infill=3,7631.14,0,0,0,0
gen=300_infill=4,5033.0,0,0,0,0
gen=300_infill=5,11403.5,0,0,0,0
gen=300_infill=6,6981.64,0,0,0,0
gen=300_infill=7,4979.62,0,0,0,0
gen=300_infill=8,8507.03,0,0,0,0
gen=300_infill=9,12070.2,0,0,0,0
gen=300_infill=10,13133.8,0,0,0,0
gen=300_infill=11,5968.67,0,0,0,0
gen=300_infill=12,12719.4,0,0,0,0
gen=300_infill=13,13244.0,0,0,0,0
gen=300_infill=14,10186.4,0,0,0,0
gen=300_infill=15,11510.7,0,0,0,0
gen=300_infill=16,8929.03,0,0,0,0
gen=300_infill=17,10519.9,0,0,0,0
gen=350_infill=1,4979.62,0,0,0,0
gen=350_infill=2,5968.67,0,0,0,0
gen=350_infill=3,11510.7,0,0,0,0
gen=350_infill=4,8929.03,0,0,0,0
gen=350_infill=5,9608.65,0,0,0,0
gen=350_infill=6,5247.05,0,0,0,0
gen=350_infill=7,10436.7,0,0,0,0
gen=350_infill=8,14867.9,0,0,0,0
gen=350_infill=9,12507.0,0,0,0,0
gen=350_infill=10,10236.7,0,0,0,0
gen=350_infill=11,2650.05,0,0,0,0
gen=350_infill=12,4484.81,0,0,0,0
gen=350_infill=13,5663.05,0,0,0,0
gen=350_infill=14,6882.87,0,0,0,0
gen=350_infill=15,10020.2,0,0,0,0
gen=350_infill=16,4866.86,0,0,0,0
gen=350_infill=17,5128.36,0,0,0,0
gen=350_infill=18,9078.29,0,0,0,0
gen=350_infill=19,5236.16,0,0,0,0
gen=350_infill=20,3293.26,0,0,0,0
gen=350_infill=21,5403.73,0,0,0,0
gen=350_infill=22,4671.96,0,0,0,0
gen=350_infill=23,4822.11,0,0,0,0
gen=350_infill=24,7384.82,0,0,0,0
gen=350_infill=25,13462.8,0,0,0,0
gen=350_infill=26,8117.18,0,0,0,0
gen=350_infill=27,6710.51,0,0,0,0
gen=350_infill=28,5417.77,0,0,0,0
gen=350_infill=29,8993.46,0,0,0,0
gen=350_infill=30,5652.36,0,0,0,0
gen=350_infill=31,4332.67,0,0,0,0
gen=350_infill=32,5303.44,0,0,0,0
gen=350_infill=33,9477.92,0,0,0,0
gen=350_infill=34,5355.2,0,0,0,0
gen=350_infill=35,6182.15,0,0,0,0
gen=350_infill=36,4505.11,0,0,0,0
gen=400_infill=1,362126.0,0,0,0,0
gen=400_infill=2,1156530.0,0,0,0,0
gen=400_infill=3,43663.6,0,0,0,0
gen=400_infill=4,300761.0,0,0,0,0
gen=400_infill=5,724876.0,0,0,0,0
gen=400_infill=6,582095.0,0,0,0,0
gen=400_infill=7,1492700.0,0,0,0,0
gen=400_infill=8,190850.0,0,0,0,0
gen=400_infill=9,2034210.0,0,0,0,0
gen=400_infill=10,3797.8,0,0,0,0
gen=400_infill=11,798151.0,0,0,0,0
gen=400_infill=12,283165.0,0,0,0,0
gen=400_infill=13,682109.0,0,0,0,0
gen=400_infill=14,556948.0,0,0,0,0
gen=400_infill=15,331108.0,0,0,0,0
gen=400_infill=16,733803.0,0,0,0,0
gen=400_infill=17,147888.0,0,0,0,0
gen=400_infill=18,497704.0,0,0,0,0
gen=400_infill=19,1275510.0,0,0,0,0
gen=400_infill=20,742757.0,0,0,0,0
gen=400_infill=21,196509.0,0,0,0,0
gen=400_infill=22,267937.0,0,0,0,0
gen=400_infill=23,274182.0,0,0,0,0
gen=400_infill=24,413373.0,0,0,0,0
gen=400_infill=25,9348.21,0,0,0,0
gen=400_infill=26,1022340.0,0,0,0,0
gen=400_infill=27,929052.0,0,0,0,0
gen=400_infill=28,740817.0,0,0,0,0
gen=400_infill=29,969401.0,0,0,0,0
gen=400_infill=30,420747.0,0,0,0,0
gen=400_infill=31,199773.0,0,0,0,0
gen=400_infill=32,389141.0,0,0,0,0
gen=400_infill=33,462151.0,0,0,0,0
gen=400_infill=34,632351.0,0,0,0,0
gen=400_infill=35,296297.0,0,0,0,0
gen=400_infill=36,724496.0,0,0,0,0
gen=400_infill=37,19446.5,0,0,0,0
gen=400_infill=38,678081.0,0,0,0,0
gen=400_infill=39,345292.0,0,0,0,0
gen=400_infill=40,408174.0,0,0,0,0
gen=400_infill=41,985630.0,0,0,0,0
gen=400_infill=42,1143750.0,0,0,0,0
gen=400_infill=43,169838.0,0,0,0,0
gen=400_infill=44,768853.0,0,0,0,0
gen=400_infill=45,440133.0,0,0,0,0
gen=400_infill=46,228116.0,0,0,0,0
gen=400_infill=47,1057080.0,0,0,0,0
gen=400_infill=48,1944460.0,0,0,0,0
gen=400_infill=49,527637.0,0,0,0,0
gen=400_infill=50,532314.0,0,0,0,0
gen=400_infill=51,489495.0,0,0,0,0
gen=400_infill=52,826858.0,0,0,0,0
gen=400_infill=53,1527030.0,0,0,0,0
gen=400_infill=54,244722.0,0,0,0,0
gen=400_infill=55,281482.0,0,0,0,0
gen=400_infill=56,361307.0,0,0,0,0
gen=400_infill=57,882797.0,0,0,0,0
gen=400_infill=58,697564.0,0,0,0,0
gen=400_infill=59,769201.0,0,0,0,0
gen=400_infill=60,762698.0,0,0,0,0
gen=400_infill=61,753846.0,0,0,0,0
gen=400_infill=62,477177.0,0,0,0,0
gen=400_infill=63,517281.0,0,0,0,0
gen=400_infill=64,658867.0,0,0,0,0
gen=400_infill=65,1252860.0,0,0,0,0
gen=400_infill=66,389014.0,0,0,0,0
gen=400_infill=67,661579.0,0,0,0,0
gen=400_infill=68,705217.0,0,0,0,0
gen=400_infill=69,1993340.0,0,0,0,0
gen=400_infill=70,696434.0,0,0,0,0
gen=400_infill=71,477399.0,0,0,0,0
gen=400_infill=72,185282.0,0,0,0,0
gen=400_infill=73,927363.0,0,0,0,0
gen=400_infill=74,1092040.0,0,0,0,0
gen=400_infill=75,1659880.0,0,0,0,0
gen=400_infill=76,956011.0,0,0,0,0
gen=400_infill=77,1241230.0,0,0,0,0
gen=400_infill=78,4291.92,0,0,0,0
gen=400_infill=79,540080.0,0,0,0,0
gen=400_infill=80,1108370.0,0,0,0,0
gen=400_infill=81,12755.3,0,0,0,0
gen=400_infill=82,789729.0,0,0,0,0
gen=400_infill=83,1052820.0,0,0,0,0
gen=400_infill=84,1378710.0,0,0,0,0
gen=400_infill=85,1150330.0,0,0,0,0
gen=400_infill=86,2019220.0,0,0,0,0
gen=400_infill=87,1122560.0,0,0,0,0
gen=400_infill=88,116856.0,0,0,0,0
gen=400_infill=89,1857500.0,0,0,0,0
gen=400_infill=90,1907230.0,0,0,0,0
gen=400_infill=91,1009560.0,0,0,0,0
gen=400_infill=92,17060.9,0,0,0,0
gen=400_infill=93,1934700.0,0,0,0,0
gen=400_infill=94,1301220.0,0,0,0,0
gen=400_infill=95,1643440.0,0,0,0,0
gen=400_infill=96,1496410.0,0,0,0,0
gen=400_infill=97,1513650.0,0,0,0,0
gen=400_infill=98,1805760.0,0,0,0,0
gen=400_infill=99,1068120.0,0,0,0,0
gen=400_infill=100,275539.0,0,0,0,0
gen=450_infill=1,2644040.0,0,0,0,0
gen=450_infill=2,663703.0,0,0,0,0
gen=450_infill=3,1853780.0,0,0,0,0
gen=450_infill=4,749788.0,0,0,0,0
gen=450_infill=5,3852500.0,0,0,0,0
gen=450_infill=6,6407.69,0,0,0,0
gen=450_infill=7,770177.0,0,0,0,0
gen=450_infill=8,1604080.0,0,0,0,0
gen=450_infill=9,700522.0,0,0,0,0
gen=450_infill=10,304363.0,0,0,0,0
gen=450_infill=11,2610370.0,0,0,0,0
gen=450_infill=12,2750160.0,0,0,0,0
gen=450_infill=13,653958.0,0,0,0,0
gen=450_infill=14,447068.0,0,0,0,0
gen=450_infill=15,545693.0,0,0,0,0
gen=450_infill=16,2932880.0,0,0,0,0
gen=450_infill=17,502467.0,0,0,0,0
gen=450_infill=18,2534870.0,0,0,0,0
gen=450_infill=19,2792160.0,0,0,0,0
gen=450_infill=20,481158.0,0,0,0,0
gen=450_infill=21,4208380.0,0,0,0,0
gen=450_infill=22,2716200.0,0,0,0,0
gen=450_infill=23,485062.0,0,0,0,0
gen=450_infill=24,638397.0,0,0,0,0
gen=450_infill=25,606045.0,0,0,0,0
gen=450_infill=26,491117.0,0,0,0,0
gen=450_infill=27,838206.0,0,0,0,0
gen=450_infill=28,411069.0,0,0,0,0
gen=450_infill=29,386237.0,0,0,0,0
gen=450_infill=30,1173790.0,0,0,0,0
gen=450_infill=31,1329420.0,0,0,0,0
gen=450_infill=32,670549.0,0,0,0,0
gen=450_infill=33,638052.0,0,0,0,0
gen=450_infill=34,2421260.0,0,0,0,0
gen=450_infill=35,408305.0,0,0,0,0
gen=450_infill=36,606069.0,0,0,0,0
gen=450_infill=37,612594.0,0,0,0,0
gen=450_infill=38,353985.0,0,0,0,0
gen=450_infill=39,686514.0,0,0,0,0
gen=450_infill=40,676211.0,0,0,0,0
gen=450_infill=41,1625590.0,0,0,0,0
gen=450_infill=42,3402090.0,0,0,0,0
gen=450_infill=43,2124240.0,0,0,0,0
gen=450_infill=44,480560.0,0,0,0,0
gen=450_infill=45,1714050.0,0,0,0,0
gen=450_infill=46,3064900.0,0,0,0,0
gen=450_infill=47,725475.0,0,0,0,0
gen=450_infill=48,1021720.0,0,0,0,0
gen=450_infill=49,2152210.0,0,0,0,0
gen=450_infill=50,1649270.0,0,0,0,0
gen=450_infill=51,1854180.0,0,0,0,0
gen=450_infill=52,501146.0,0,0,0,0
gen=450_infill=53,590796.0,0,0,0,0
gen=450_infill=54,2422460.0,0,0,0,0
gen=450_infill=55,408713.0,0,0,0,0
gen=450_infill=56,2520570.0,0,0,0,0
gen=450_infill=57,2611480.0,0,0,0,0
gen=450_infill=58,424220.0,0,0,0,0
gen=450_infill=59,1004730.0,0,0,0,0
gen=450_infill=60,619823.0,0,0,0,0
gen=450_infill=61,2849890.0,0,0,0,0
gen=450_infill=62,665240.0,0,0,0,0
gen=450_infill=63,2241370.0,0,0,0,0
gen=450_infill=64,3856960.0,0,0,0,0
gen=450_infill=65,699612.0,0,0,0,0
gen=450_infill=66,2454490.0,0,0,0,0
gen=450_infill=67,514353.0,0,0,0,0
gen=450_infill=68,3921360.0,0,0,0,0
gen=450_infill=69,2866170.0,0,0,0,0
gen=450_infill=70,825642.0,0,0,0,0
gen=450_infill=71,600708.0,0,0,0,0
gen=450_infill=72,2047230.0,0,0,0,0
gen=450_infill=73,1148460.0,0,0,0,0
gen=450_infill=74,3151.89,0,0,0,0
gen=450_infill=75,2732600.0,0,0,0,0
gen=450_infill=76,842489.0,0,0,0,0
gen=450_infill=77,2573910.0,0,0,0,0
gen=450_infill=78,390522.0,0,0,0,0
gen=450_infill=79,3662640.0,0,0,0,0
gen=450_infill=80,1775830.0,0,0,0,0
gen=450_infill=81,3737110.0,0,0,0,0
gen=450_infill=82,2424910.0,0,0,0,0
gen=450_infill=83,2975080.0,0,0,0,0
gen=450_infill=84,2659990.0,0,0,0,0
gen=450_infill=85,753312.0,0,0,0,0
gen=450_infill=86,785674.0,0,0,0,0
gen=450_infill=87,2785250.0,0,0,0,0
gen=450_infill=88,2845140.0,0,0,0,0
gen=450_infill=89,3018210.0,0,0,0,0
gen=450_infill=90,2808600.0,0,0,0,0
gen=450_infill=91,561550.0,0,0,0,0
gen=450_infill=92,1381190.0,0,0,0,0
gen=450_infill=93,4322780.0,0,0,0,0
gen=450_infill=94,1138360.0,0,0,0,0
gen=450_infill=95,2911120.0,0,0,0,0
gen=450_infill=96,2942840.0,0,0,0,0
gen=450_infill=97,3599880.0,0,0,0,0
gen=450_infill=98,2825450.0,0,0,0,0
gen=450_infill=99,2647390.0,0,0,0,0
gen=450_infill=100,3107330.0,0,0,0,0
gen=490_infill=1,4256.02,0,0,0,0
gen=490_infill=2,6665.55,0,0,0,0
gen=490_infill=3,8956.6,0,0,0,0
gen=490_infill=4,5100.84,0,0,0,0
gen=490_infill=5,13790.8,0,0,0,0
gen=490_infill=6,7277.84,0,0,0,0
gen=490_infill=7,10893.2,0,0,0,0
gen=490_infill=8,6421.37,0,0,0,0
gen=490_infill=9,9887.99,0,0,0,0
gen=490_infill=10,9943.12,0,0,0,0
gen=490_infill=11,8837.03,0,0,0,0
gen=490_infill=12,5878.9,0,0,0,0
gen=490_infill=13,11119.3,0,0,0,0
gen=490_infill=14,16286.6,0,0,0,0
gen=490_infill=15,10085.5,0,0,0,0
gen=490_infill=16,4553.87,0,0,0,0
gen=490_infill=17,10000.2,0,0,0,0
gen=490_infill=18,6951.78,0,0,0,0
gen=490_infill=19,8497.71,0,0,0,0
gen=490_infill=20,9865.99,0,0,0,0
gen=490_infill=21,9002.48,0,0,0,0
gen=490_infill=22,4048.49,0,0,0,0
gen=490_infill=23,8612.21,0,0,0,0
gen=490_infill=24,6609.2,0,0,0,0
gen=490_infill=25,7682.59,0,0,0,0
gen=490_infill=26,16047.5,0,0,0,0
gen=490_infill=27,6033.65,0,0,0,0
gen=490_infill=28,9802.05,0,0,0,0
gen=490_infill=29,12454.7,0,0,0,0
gen=490_infill=30,4924.76,0,0,0,0
gen=490_infill=31,5744.08,0,0,0,0
gen=490_infill=32,16924.1,0,0,0,0
gen=490_infill=33,6820.73,0,0,0,0
gen=490_infill=34,6243.46,0,0,0,0
gen=490_infill=35,12972.8,0,0,0,0
gen=490_infill=36,10174.3,0,0,0,0
gen=490_infill=37,10728.9,0,0,0,0
gen=490_infill=38,12651.7,0,0,0,0
gen=490_infill=39,3861.87,0,0,0,0
gen=490_infill=40,10569.8,0,0,0,0
gen=490_infill=41,6167.7,0,0,0,0
gen=490_infill=42,9862.53,0,0,0,0
gen=490_infill=43,8279.37,0,0,0,0
gen=490_infill=44,15538.3,0,0,0,0
gen=490_infill=45,4393.65,0,0,0,0
gen=490_infill=46,8583.65,0,0,0,0
gen=490_infill=47,12855.3,0,0,0,0
gen=490_infill=48,7488.38,0,0,0,0
gen=490_infill=49,8628.82,0,0,0,0
gen=490_infill=50,17190.9,0,0,0,0
gen=490_infill=51,16308.5,0,0,0,0
gen=490_infill=52,16334.9,0,0,0,0
gen=490_infill=53,3148.63,0,0,0,0
gen=490_infill=54,3813.4,0,0,0,0
gen=490_infill=55,19244.3,0,0,0,0
gen=550_infill=1,1165230.0,0,0,0,0
gen=550_infill=2,21486.8,0,0,0,0
gen=550_infill=3,340388.0,0,0,0,0
gen=550_infill=4,2161900.0,0,0,0,0
gen=550_infill=5,377524.0,0,0,0,0
gen=550_infill=6,6774.35,0,0,0,0
gen=550_infill=7,244000.0,0,0,0,0
gen=550_infill=8,1378340.0,0,0,0,0
gen=550_infill=9,3630.98,0,0,0,0
gen=550_infill=10,91477.9,0,0,0,0
gen=550_infill=11,969642.0,0,0,0,0
gen=550_infill=12,846755.0,0,0,0,0
gen=550_infill=13,1677090.0,0,0,0,0
gen=550_infill=14,2012310.0,0,0,0,0
gen=550_infill=15,628366.0,0,0,0,0
gen=550_infill=16,1107720.0,0,0,0,0
gen=550_infill=17,556219.0,0,0,0,0
gen=550_infill=18,388949.0,0,0,0,0
gen=550_infill=19,214124.0,0,0,0,0
gen=550_infill=20,269814.0,0,0,0,0
gen=550_infill=21,220271.0,0,0,0,0
gen=550_infill=22,613204.0,0,0,0,0
gen=550_infill=23,352722.0,0,0,0,0
gen=550_infill=24,468589.0,0,0,0,0
gen=550_infill=25,1493860.0,0,0,0,0
gen=550_infill=26,1507000.0,0,0,0,0
gen=550_infill=27,2944330.0,0,0,0,0
gen=550_infill=28,6803.64,0,0,0,0
gen=550_infill=29,567034.0,0,0,0,0
gen=550_infill=30,1346590.0,0,0,0,0
gen=550_infill=31,158627.0,0,0,0,0
gen=550_infill=32,609487.0,0,0,0,0
gen=550_infill=33,2717880.0,0,0,0,0
gen=550_infill=34,279077.0,0,0,0,0
gen=550_infill=35,465991.0,0,0,0,0
gen=550_infill=36,536057.0,0,0,0,0
gen=550_infill=37,1385120.0,0,0,0,0
gen=550_infill=38,32018.3,0,0,0,0
gen=550_infill=39,734237.0,0,0,0,0
gen=550_infill=40,1982190.0,0,0,0,0
gen=550_infill=41,967998.0,0,0,0,0
gen=550_infill=42,753235.0,0,0,0,0
gen=550_infill=43,506164.0,0,0,0,0
gen=550_infill=44,638677.0,0,0,0,0
gen=550_infill=45,38027.6,0,0,0,0
gen=550_infill=46,117951.0,0,0,0,0
gen=550_infill=47,745820.0,0,0,0,0
gen=550_infill=48,248012.0,0,0,0,0
gen=550_infill=49,257265.0,0,0,0,0
gen=550_infill=50,1560910.0,0,0,0,0
gen=550_infill=51,220412.0,0,0,0,0
gen=550_infill=52,71048.4,0,0,0,0
gen=550_infill=53,416733.0,0,0,0,0
gen=550_infill=54,1659050.0,0,0,0,0
gen=550_infill=55,1318480.0,0,0,0,0
gen=550_infill=56,882402.0,0,0,0,0
gen=550_infill=57,10299.5,0,0,0,0
gen=550_infill=58,277314.0,0,0,0,0
gen=550_infill=59,507550.0,0,0,0,0
gen=550_infill=60,255613.0,0,0,0,0
gen=550_infill=61,1453820.0,0,0,0,0
gen=550_infill=62,320202.0,0,0,0,0
gen=550_infill=63,150795.0,0,0,0,0
gen=550_infill=64,144973.0,0,0,0,0
gen=550_infill=65,2093570.0,0,0,0,0
gen=550_infill=66,623600.0,0,0,0,0
gen=550_infill=67,122523.0,0,0,0,0
gen=550_infill=68,6090.07,0,0,0,0
gen=550_infill=69,985388.0,0,0,0,0
gen=550_infill=70,306265.0,0,0,0,0
gen=550_infill=71,136483.0,0,0,0,0
gen=550_infill=72,7819.99,0,0,0,0
gen=550_infill=73,323318.0,0,0,0,0
gen=550_infill=74,213939.0,0,0,0,0
gen=550_infill=75,662966.0,0,0,0,0
gen=550_infill=76,596337.0,0,0,0,0
gen=550_infill=77,10949.3,0,0,0,0
gen=550_infill=78,55487.4,0,0,0,0
gen=550_infill=79,1207930.0,0,0,0,0
gen=550_infill=80,63424.9,0,0,0,0
gen=550_infill=81,18625.7,0,0,0,0
gen=550_infill=82,109742.0,0,0,0,0
gen=550_infill=83,8953.74,0,0,0,0
gen=550_infill=84,7331.35,0,0,0,0
gen=550_infill=85,67561.5,0,0,0,0
gen=550_infill=86,3157.08,0,0,0,0
gen=550_infill=87,225691.0,0,0,0,0
gen=550_infill=88,148474.0,0,0,0,0
gen=550_infill=89,478591.0,0,0,0,0
gen=550_infill=90,61675.0,0,0,0,0
gen=550_infill=91,78911.7,0,0,0,0
gen=550_infill=92,1803530.0,0,0,0,0
gen=550_infill=93,11142.0,0,0,0,0
gen=550_infill=94,19012.9,0,0,0,0
gen=550_infill=95,10972.1,0,0,0,0
gen=550_infill=96,9878.81,0,0,0,0
gen=550_infill=97,6810.77,0,0,0,0
gen=550_infill=98,6152.34,0,0,0,0
gen=550_infill=99,4527.91,0,0,0,0
gen=550_infill=100,3813.4,0,0,0,0
gen=600_infill=1,7598.35,0,0,0,0
gen=600_infill=2,3300.87,0,0,0,0
gen=600_infill=3,10901.5,0,0,0,0
gen=600_infill=4,11796.0,0,0,0,0
gen=600_infill=5,8279.55,0,0,0,0
gen=600_infill=6,14112.6,0,0,0,0
gen=600_infill=7,7565.28,0,0,0,0
gen=600_infill=8,8187.39,0,0,0,0
gen=600_infill=9,8121.73,0,0,0,0
gen=600_infill=10,3925.28,0,0,0,0
gen=600_infill=11,8267.32,0,0,0,0
gen=600_infill=12,8149.07,0,0,0,0
gen=600_infill=13,8276.74,0,0,0,0
gen=600_infill=14,8390.35,0,0,0,0
gen=600_infill=15,9129.06,0,0,0,0
gen=600_infill=16,7849.04,0,0,0,0
gen=600_infill=17,8393.65,0,0,0,0
gen=600_infill=18,8405.88,0,0,0,0
gen=600_infill=19,8497.04,0,0,0,0
gen=600_infill=20,3908.79,0,0,0,0
gen=600_infill=21,8031.37,0,0,0,0
gen=600_infill=22,9219.05,0,0,0,0
gen=600_infill=23,8736.34,0,0,0,0
gen=600_infill=24,8085.74,0,0,0,0
gen=600_infill=25,7278.71,0,0,0,0
gen=600_infill=26,2990.08,0,0,0,0
gen=600_infill=27,6928.55,0,0,0,0
gen=600_infill=28,8274.22,0,0,0,0
gen=600_infill=29,6961.17,0,0,0,0
gen=600_infill=30,7643.39,0,0,0,0
gen=600_infill=31,7297.61,0,0,0,0
gen=600_infill=32,8205.53,0,0,0,0
gen=600_infill=33,8938.26,0,0,0,0
gen=600_infill=34,7883.91,0,0,0,0
gen=600_infill=35,4589.48,0,0,0,0
gen=600_infill=36,7785.13,0,0,0,0
gen=600_infill=37,7127.61,0,0,0,0
gen=600_infill=38,8684.46,0,0,0,0
gen=600_infill=39,7342.76,0,0,0,0
gen=600_infill=40,3902.08,0,0,0,0
gen=600_infill=41,9268.57,0,0,0,0
gen=600_infill=42,7851.44,0,0,0,0
gen=637_infill=1,3300.87,0,0,0,0
gen=637_infill=2,3902.08,0,0,0,0
gen=637_infill=3,7274.39,0,0,0,0
gen=637_infill=4,3797.79,0,0,0,0
gen=637_infill=5,5570.59,0,0,0,0
gen=637_infill=6,8120.2,0,0,0,0
gen=637_infill=7,6860.34,0,0,0,0
gen=637_infill=8,6347.44,0,0,0,0
gen=637_infill=9,4634.91,0,0,0,0
gen=637_infill=10,3974.71,0,0,0,0
gen=637_infill=11,4694.07,0,0,0,0
gen=637_infill=12,5504.49,0,0,0,0
gen=637_infill=13,3698.69,0,0,0,0
gen=637_infill=14,5984.64,0,0,0,0
gen=637_infill=15,4718.12,0,0,0,0
gen=637_infill=16,5231.61,0,0,0,0
gen=637_infill=17,4343.89,0,0,0,0
gen=637_infill=18,4819.99,0,0,0,0
gen=637_infill=19,3430.36,0,0,0,0
gen=637_infill=20,3491.19,0,0,0,0
gen=637_infill=21,3449.13,0,0,0,0
gen=637_infill=22,5074.55,0,0,0,0
gen=700_infill=1,3449.13,0,0,0,0
gen=700_infill=2,3900.31,0,0,0,0
gen=700_infill=3,7679.51,0,0,0,0
gen=700_infill=4,8158.74,0,0,0,0
gen=700_infill=5,8743.27,0,0,0,0
gen=700_infill=6,6749.3,0,0,0,0
gen=700_infill=7,4604.26,0,0,0,0
gen=700_infill=8,21212.1,0,0,0,0
gen=700_infill=9,8366.07,0,0,0,0
gen=700_infill=10,32640.4,0,0,0,0
gen=700_infill=11,6514.67,0,0,0,0
gen=700_infill=12,25811.2,0,0,0,0
gen=700_infill=13,24189.7,0,0,0,0
gen=700_infill=14,33040.3,0,0,0,0
gen=700_infill=15,11436.7,0,0,0,0
gen=700_infill=16,23157.9,0,0,0,0
gen=700_infill=17,29869.2,0,0,0,0
gen=700_infill=18,34531.3,0,0,0,0
gen=700_infill=19,27840.4,0,0,0,0
gen=700_infill=20,35895.6,0,0,0,0
gen=700_infill=21,22983.1,0,0,0,0
gen=700_infill=22,19067.3,0,0,0,0
gen=700_infill=23,16207.5,0,0,0,0
gen=700_infill=24,63376.2,0,0,0,0
gen=700_infill=25,42726.0,0,0,0,0
gen=700_infill=26,36020.8,0,0,0,0
gen=700_infill=27,6518.35,0,0,0,0
gen=700_infill=28,38953.5,0,0,0,0
gen=700_infill=29,17389.6,0,0,0,0
gen=700_infill=30,19181.2,0,0,0,0
gen=700_infill=31,4350.24,0,0,0,0
gen=700_infill=32,34175.0,0,0,0,0
gen=700_infill=33,20667.3,0,0,0,0
gen=700_infill=34,3488.89,0,0,0,0
gen=700_infill=35,116159.0,0,0,0,0
gen=700_infill=36,28023.2,0,0,0,0
gen=700_infill=37,52374.5,0,0,0,0
gen=700_infill=38,33970.3,0,0,0,0
gen=700_infill=39,94880.8,0,0,0,0
gen=700_infill=40,32527.5,0,0,0,0
gen=700_infill=41,147306.0,0,0,0,0
gen=700_infill=42,27291.8,0,0,0,0
gen=700_infill=43,123746.0,0,0,0,0
gen=700_infill=44,209514.0,0,0,0,0
gen=700_infill=45,226342.0,0,0,0,0
gen=700_infill=46,131760.0,0,0,0,0
gen=700_infill=47,187385.0,0,0,0,0
gen=700_infill=48,285413.0,0,0,0,0
gen=700_infill=49,419236.0,0,0,0,0
gen=700_infill=50,255770.0,0,0,0,0
gen=700_infill=51,134121.0,0,0,0,0
gen=700_infill=52,175929.0,0,0,0,0
gen=700_infill=53,253831.0,0,0,0,0
gen=700_infill=54,254734.0,0,0,0,0
gen=700_infill=55,149938.0,0,0,0,0
gen=700_infill=56,38513.9,0,0,0,0
gen=700_infill=57,306090.0,0,0,0,0
gen=700_infill=58,123880.0,0,0,0,0
gen=700_infill=59,122916.0,0,0,0,0
gen=700_infill=60,266845.0,0,0,0,0
gen=700_infill=61,154119.0,0,0,0,0
gen=700_infill=62,191480.0,0,0,0,0
gen=700_infill=63,243983.0,0,0,0,0
gen=700_infill=64,129919.0,0,0,0,0
gen=700_infill=65,195399.0,0,0,0,0
gen=700_infill=66,165793.0,0,0,0,0
gen=700_infill=67,236760.0,0,0,0,0
gen=720_infill=1,5472.49,0,0,0,0
gen=720_infill=2,3975.11,0,0,0,0
gen=720_infill=3,4288.17,0,0,0,0
gen=720_infill=4,319618.0,0,0,0,0
gen=720_infill=5,496261.0,0,0,0,0
gen=720_infill=6,708087.0,0,0,0,0
gen=720_infill=7,193155.0,0,0,0,0
gen=720_infill=8,581831.0,0,0,0,0
gen=720_infill=9,612435.0,0,0,0,0
gen=720_infill=10,450355.0,0,0,0,0
gen=720_infill=11,454145.0,0,0,0,0
gen=720_infill=12,1633920.0,0,0,0,0
gen=720_infill=13,1084150.0,0,0,0,0
gen=720_infill=14,868441.0,0,0,0,0
gen=720_infill=15,738741.0,0,0,0,0
gen=720_infill=16,856322.0,0,0,0,0
gen=720_infill=17,393520.0,0,0,0,0
gen=720_infill=18,1154150.0,0,0,0,0
gen=720_infill=19,781863.0,0,0,0,0
gen=720_infill=20,1156910.0,0,0,0,0
gen=720_infill=21,703902.0,0,0,0,0
gen=720_infill=22,1050380.0,0,0,0,0
gen=720_infill=23,611672.0,0,0,0,0
gen=720_infill=24,1774830.0,0,0,0,0
gen=720_infill=25,640389.0,0,0,0,0
gen=720_infill=26,496190.0,0,0,0,0
gen=720_infill=27,940154.0,0,0,0,0
gen=720_infill=28,1385650.0,0,0,0,0
gen=720_infill=29,556095.0,0,0,0,0
gen=720_infill=30,806295.0,0,0,0,0
gen=720_infill=31,1277590.0,0,0,0,0
gen=720_infill=32,1414200.0,0,0,0,0
gen=720_infill=33,549789.0,0,0,0,0
gen=720_infill=34,634719.0,0,0,0,0
gen=720_infill=35,651709.0,0,0,0,0
gen=720_infill=36,841898.0,0,0,0,0
gen=720_infill=37,843902.0,0,0,0,0
gen=720_infill=38,233601.0,0,0,0,0
gen=720_infill=39,832517.0,0,0,0,0
gen=720_infill=40,718960.0,0,0,0,0
gen=720_infill=41,906693.0,0,0,0,0
gen=720_infill=42,1392620.0,0,0,0,0
gen=720_infill=43,545778.0,0,0,0,0
gen=720_infill=44,861959.0,0,0,0,0
gen=720_infill=45,695034.0,0,0,0,0
gen=720_infill=46,815481.0,0,0,0,0
gen=720_infill=47,971386.0,0,0,0,0
gen=720_infill=48,405317.0,0,0,0,0
gen=720_infill=49,629125.0,0,0,0,0
gen=720_infill=50,300653.0,0,0,0,0
gen=720_infill=51,740064.0,0,0,0,0
gen=720_infill=52,594894.0,0,0,0,0
gen=720_infill=53,992976.0,0,0,0,0
gen=720_infill=54,716573.0,0,0,0,0
gen=720_infill=55,285303.0,0,0,0,0
gen=720_infill=56,486041.0,0,0,0,0
gen=720_infill=57,589973.0,0,0,0,0
gen=720_infill=58,605234.0,0,0,0,0
gen=720_infill=59,537577.0,0,0,0,0
gen=720_infill=60,1397770.0,0,0,0,0
gen=720_infill=61,1879620.0,0,0,0,0
gen=720_infill=62,588709.0,0,0,0,0
gen=720_infill=63,491131.0,0,0,0,0
gen=720_infill=64,2863340.0,0,0,0,0
gen=720_infill=65,819923.0,0,0,0,0
gen=720_infill=66,571543.0,0,0,0,0
gen=720_infill=67,542227.0,0,0,0,0
gen=720_infill=68,1211630.0,0,0,0,0
gen=720_infill=69,1310500.0,0,0,0,0
gen=720_infill=70,2335760.0,0,0,0,0
gen=720_infill=71,810865.0,0,0,0,0
gen=720_infill=72,858558.0,0,0,0,0
gen=720_infill=73,2603770.0,0,0,0,0
gen=720_infill=74,656206.0,0,0,0,0
gen=720_infill=75,793602.0,0,0,0,0
gen=720_infill=76,634858.0,0,0,0,0
gen=720_infill=77,1176190.0,0,0,0,0
gen=720_infill=78,473604.0,0,0,0,0
gen=720_infill=79,919558.0,0,0,0,0
gen=720_infill=80,497622.0,0,0,0,0
gen=800_infill=1,4359.6,0,0,0,0
gen=800_infill=2,5030.65,0,0,0,0
gen=800_infill=3,5382.88,0,0,0,0
gen=800_infill=4,4326.65,0,0,0,0
gen=800_infill=5,4477.01,0,0,0,0
gen=800_infill=6,4038.03,0,0,0,0
gen=800_infill=7,3362.19,0,0,0,0
gen=800_infill=8,3362.19,0,0,0,0
gen=800_infill=9,4539.89,0,0,0,0
gen=800_infill=10,3732.57,0,0,0,0
gen=800_infill=11,4565.71,0,0,0,0
gen=800_infill=12,3487.96,0,0,0,0
gen=800_infill=13,4900.7,0,0,0,0
gen=800_infill=14,3639.93,0,0,0,0
gen=800_infill=15,3259.6,0,0,0,0
gen=800_infill=16,4931.45,0,0,0,0
gen=800_infill=17,3559.37,0,0,0,0
gen=800_infill=18,3709.69,0,0,0,0
gen=800_infill=19,3738.52,0,0,0,0
gen=800_infill=20,5070.89,0,0,0,0
gen=800_infill=21,3608.96,0,0,0,0
gen=800_infill=22,3806.15,0,0,0,0
gen=800_infill=23,4532.09,0,0,0,0
gen=800_infill=24,4104.89,0,0,0,0
gen=800_infill=25,3937.81,0,0,0,0
gen=800_infill=26,3884.02,0,0,0,0
gen=800_infill=27,4739.96,0,0,0,0
gen=800_infill=28,3726.07,0,0,0,0
gen=800_infill=29,5736.07,0,0,0,0
gen=800_infill=30,4847.83,0,0,0,0
gen=800_infill=31,6392.48,0,0,0,0
gen=800_infill=32,5456.59,0,0,0,0
gen=800_infill=33,4129.96,0,0,0,0
gen=800_infill=34,5015.56,0,0,0,0
gen=800_infill=35,9783.06,0,0,0,0
gen=800_infill=36,6009.2,0,0,0,0
gen=800_infill=37,15158.0,0,0,0,0
gen=800_infill=38,3842.51,0,0,0,0
gen=800_infill=39,6066.04,0,0,0,0
gen=800_infill=40,13406.7,0,0,0,0
gen=800_infill=41,28757.4,0,0,0,0
gen=800_infill=42,40652.3,0,0,0,0
gen=800_infill=43,37017.0,0,0,0,0
gen=800_infill=44,107360.0,0,0,0,0
gen=800_infill=45,28215.3,0,0,0,0
gen=800_infill=46,66351.4,0,0,0,0
gen=800_infill=47,70138.9,0,0,0,0
gen=800_infill=48,45427.3,0,0,0,0
gen=800_infill=49,37597.7,0,0,0,0
gen=800_infill=50,63422.1,0,0,0,0
gen=800_infill=51,68235.6,0,0,0,0
gen=800_infill=52,3822.59,0,0,0,0
gen=800_infill=53,68717.0,0,0,0,0
gen=800_infill=54,68212.7,0,0,0,0
gen=800_infill=55,117658.0,0,0,0,0
gen=800_infill=56,16658.9,0,0,0,0
gen=800_infill=57,60834.0,0,0,0,0
gen=800_infill=58,38611.5,0,0,0,0
gen=800_infill=59,75232.6,0,0,0,0
gen=800_infill=60,117818.0,0,0,0,0
gen=800_infill=61,79343.9,0,0,0,0
gen=800_infill=62,66057.0,0,0,0,0
gen=800_infill=63,65794.8,0,0,0,0
gen=800_infill=64,64291.3,0,0,0,0
gen=850_infill=1,3947.07,0,0,0,0
gen=850_infill=2,4285.98,0,0,0,0
gen=850_infill=3,4983.58,0,0,0,0
gen=850_infill=4,5011.89,0,0,0,0
gen=850_infill=5,5180.85,0,0,0,0
gen=850_infill=6,4175.86,0,0,0,0
gen=850_infill=7,4621.88,0,0,0,0
gen=850_infill=8,5797.75,0,0,0,0
gen=850_infill=9,5710.87,0,0,0,0
gen=850_infill=10,5192.12,0,0,0,0
gen=850_infill=11,3959.76,0,0,0,0
gen=850_infill=12,6868.58,0,0,0,0
gen=850_infill=13,4285.23,0,0,0,0
gen=850_infill=14,5753.06,0,0,0,0
gen=850_infill=15,5204.94,0,0,0,0
gen=850_infill=16,3835.27,0,0,0,0
gen=850_infill=17,6141.6,0,0,0,0
gen=850_infill=18,9978.55,0,0,0,0
gen=850_infill=19,9201.88,0,0,0,0
gen=850_infill=20,13794.8,0,0,0,0
gen=850_infill=21,3543.67,0,0,0,0
gen=850_infill=22,3633.09,0,0,0,0
gen=850_infill=23,19437.1,0,0,0,0
gen=850_infill=24,15714.3,0,0,0,0
gen=850_infill=25,21623.6,0,0,0,0
gen=850_infill=26,14323.3,0,0,0,0
gen=850_infill=27,30326.7,0,0,0,0
gen=850_infill=28,26292.7,0,0,0,0
gen=850_infill=29,29567.7,0,0,0,0
gen=850_infill=30,22616.2,0,0,0,0
gen=850_infill=31,26168.9,0,0,0,0
gen=850_infill=32,20100.5,0,0,0,0
gen=850_infill=33,19688.5,0,0,0,0
gen=850_infill=34,9188.74,0,0,0,0
gen=850_infill=35,31592.3,0,0,0,0
gen=900_infill=1,3947.07,0,0,0,0
gen=900_infill=2,3543.67,0,0,0,0
gen=900_infill=3,3943.16,0,0,0,0
gen=900_infill=4,4377.04,0,0,0,0
gen=900_infill=5,4561.7,0,0,0,0
gen=900_infill=6,4034.02,0,0,0,0
gen=900_infill=7,4141.5,0,0,0,0
gen=900_infill=8,4947.05,0,0,0,0
gen=900_infill=9,5790.81,0,0,0,0
gen=900_infill=10,4268.61,0,0,0,0
gen=900_infill=11,4262.41,0,0,0,0
gen=900_infill=12,5447.38,0,0,0,0
gen=900_infill=13,4177.3,0,0,0,0
gen=900_infill=14,4362.75,0,0,0,0
gen=900_infill=15,4840.99,0,0,0,0
gen=900_infill=16,4369.09,0,0,0,0
gen=900_infill=17,5614.59,0,0,0,0
gen=900_infill=18,5259.75,0,0,0,0
gen=900_infill=19,6529.62,0,0,0,0
gen=900_infill=20,4123.59,0,0,0,0
gen=900_infill=21,6820.6,0,0,0,0
gen=900_infill=22,6140.92,0,0,0,0
gen=900_infill=23,6609.91,0,0,0,0
gen=900_infill=24,10476.7,0,0,0,0
gen=900_infill=25,10876.4,0,0,0,0
gen=900_infill=26,11090.0,0,0,0,0
gen=900_infill=27,5712.0,0,0,0,0
gen=900_infill=28,8360.8,0,0,0,0
gen=900_infill=29,8573.08,0,0,0,0
gen=900_infill=30,6568.06,0,0,0,0
gen=900_infill=31,9500.52,0,0,0,0
gen=900_infill=32,16386.4,0,0,0,0
gen=900_infill=33,8692.85,0,0,0,0
gen=900_infill=34,12247.4,0,0,0,0
gen=900_infill=35,5578.57,0,0,0,0
gen=900_infill=36,13473.0,0,0,0,0
gen=900_infill=37,19615.2,0,0,0,0
gen=900_infill=38,4485.02,0,0,0,0
gen=900_infill=39,23659.0,0,0,0,0
gen=900_infill=40,8912.09,0,0,0,0
gen=900_infill=41,8569.64,0,0,0,0
gen=900_infill=42,23050.8,0,0,0,0
gen=900_infill=43,32968.1,0,0,0,0
gen=900_infill=44,7647.68,0,0,0,0
gen=900_infill=45,21550.7,0,0,0,0
gen=900_infill=46,44340.4,0,0,0,0
gen=900_infill=47,31847.2,0,0,0,0
gen=900_infill=48,17438.5,0,0,0,0
gen=900_infill=49,31084.3,0,0,0,0
gen=900_infill=50,22377.9,0,0,0,0
gen=900_infill=51,21829.6,0,0,0,0
gen=900_infill=52,42853.3,0,0,0,0
gen=900_infill=53,39894.5,0,0,0,0
gen=900_infill=54,25491.9,0,0,0,0
gen=900_infill=55,25775.8,0,0,0,0
gen=900_infill=56,49489.1,0,0,0,0
gen=900_infill=57,36616.8,0,0,0,0
gen=900_infill=58,3955.88,0,0,0,0
gen=900_infill=59,24893.8,0,0,0,0
gen=900_infill=60,40091.5,0,0,0,0
gen=900_infill=61,62612.9,0,0,0,0
gen=900_infill=62,35426.1,0,0,0,0
gen=900_infill=63,28112.7,0,0,0,0
gen=950_infill=1,3833.21,0,0,0,0
gen=950_infill=2,4141.5,0,0,0,0
gen=950_infill=3,4561.7,0,0,0,0
gen=950_infill=4,3652.59,0,0,0,0
gen=950_infill=5,4686.49,0,0,0,0
gen=950_infill=6,4313.27,0,0,0,0
gen=950_infill=7,4176.37,0,0,0,0
gen=950_infill=8,3967.33,0,0,0,0
gen=950_infill=9,4729.82,0,0,0,0
gen=950_infill=10,3969.3,0,0,0,0
gen=950_infill=11,4224.78,0,0,0,0
gen=950_infill=12,4247.89,0,0,0,0
gen=950_infill=13,4414.18,0,0,0,0
gen=950_infill=14,4239.41,0,0,0,0
gen=950_infill=15,4386.7,0,0,0,0
gen=950_infill=16,3580.2,0,0,0,0
gen=950_infill=17,4450.2,0,0,0,0
gen=950_infill=18,4081.66,0,0,0,0
gen=950_infill=19,4151.42,0,0,0,0
gen=950_infill=20,4364.84,0,0,0,0
gen=950_infill=21,5801.94,0,0,0,0
gen=950_infill=22,5198.67,0,0,0,0
gen=950_infill=23,4234.7,0,0,0,0
